day,instrument_id,instrument_name,market,code,metric,weighting,value,point,source,reported_percentile
2026-09-04,csi_dividend,中证红利,cn,000922,dyr,aggregate,4.12,,csindex-official-public,
2026-09-11,csi_dividend,中证红利,cn,000922,dyr,aggregate,4.17,,csindex-official-public,
2026-09-18,csi_dividend,中证红利,cn,000922,dyr,aggregate,4.26,,csindex-official-public,
2026-09-25,csi_dividend,中证红利,cn,000922,dyr,aggregate,4.25,,csindex-official-public,
2026-09-28,csi_dividend,中证红利,cn,000922,dyr,aggregate,4.27,,csindex-official-public,
2016-09-30,hscgsi,恒生消费,hk,HSCGSI,pb,aggregate,2.05,,stockcheck-public-history,
2016-10-07,hscgsi,恒生消费,hk,HSCGSI,pb,aggregate,2.09,,stockcheck-public-history,
2016-10-14,hscgsi,恒生消费,hk,HSCGSI,pb,aggregate,2.09,,stockcheck-public-history,
2016-10-20,hscgsi,恒生消费,hk,HSCGSI,pb,aggregate,2.11,,stockcheck-public-history,
2016-10-28,hscgsi,恒生消费,hk,HSCGSI,pb,aggregate,2.1,,stockcheck-public-history,
2016-11-04,hscgsi,恒生消费,hk,HSCGSI,pb,aggregate,2.05,,stockcheck-public-history,
2016-11-11,hscgsi,恒生消费,hk,HSCGSI,pb,aggregate,2.08,,stockcheck-public-history,
2016-11-18,hscgsi,恒生消费,hk,HSCGSI,pb,aggregate,2.15,,stockcheck-public-history,
2016-11-25,hscgsi,恒生消费,hk,HSCGSI,pb,aggregate,2.2,,stockcheck-public-history,
2016-12-02,hscgsi,恒生消费,hk,HSCGSI,pb,aggregate,2.18,,stockcheck-public-history,
2016-12-09,hscgsi,恒生消费,hk,HSCGSI,pb,aggregate,2.16,,stockcheck-public-history,
2016-12-16,hscgsi,恒生消费,hk,HSCGSI,pb,aggregate,2.11,,stockcheck-public-history,
2016-12-23,hscgsi,恒生消费,hk,HSCGSI,pb,aggregate,2.05,,stockcheck-public-history,
2016-12-30,hscgsi,恒生消费,hk,HSCGSI,pb,aggregate,2.09,,stockcheck-public-history,
2017-01-06,hscgsi,恒生消费,hk,HSCGSI,pb,aggregate,1.98,,stockcheck-public-history,
2017-01-13,hscgsi,恒生消费,hk,HSCGSI,pb,aggregate,2.02,,stockcheck-public-history,
2017-01-20,hscgsi,恒生消费,hk,HSCGSI,pb,aggregate,2.02,,stockcheck-public-history,
2017-01-27,hscgsi,恒生消费,hk,HSCGSI,pb,aggregate,2.05,,stockcheck-public-history,
2017-02-03,hscgsi,恒生消费,hk,HSCGSI,pb,aggregate,2.03,,stockcheck-public-history,
2017-02-10,hscgsi,恒生消费,hk,HSCGSI,pb,aggregate,2.09,,stockcheck-public-history,
2017-02-17,hscgsi,恒生消费,hk,HSCGSI,pb,aggregate,2.1,,stockcheck-public-history,
2017-02-24,hscgsi,恒生消费,hk,HSCGSI,pb,aggregate,2.1,,stockcheck-public-history,
2017-03-03,hscgsi,恒生消费,hk,HSCGSI,pb,aggregate,2.12,,stockcheck-public-history,
2017-03-10,hscgsi,恒生消费,hk,HSCGSI,pb,aggregate,2.16,,stockcheck-public-history,
2017-03-17,hscgsi,恒生消费,hk,HSCGSI,pb,aggregate,2.21,,stockcheck-public-history,
2017-03-24,hscgsi,恒生消费,hk,HSCGSI,pb,aggregate,2.21,,stockcheck-public-history,
2017-03-31,hscgsi,恒生消费,hk,HSCGSI,pb,aggregate,2.19,,stockcheck-public-history,
2017-04-07,hscgsi,恒生消费,hk,HSCGSI,pb,aggregate,2.23,,stockcheck-public-history,
2017-04-13,hscgsi,恒生消费,hk,HSCGSI,pb,aggregate,2.2,,stockcheck-public-history,
2017-04-21,hscgsi,恒生消费,hk,HSCGSI,pb,aggregate,2.2,,stockcheck-public-history,
2017-04-28,hscgsi,恒生消费,hk,HSCGSI,pb,aggregate,2.2,,stockcheck-public-history,
2017-05-05,hscgsi,恒生消费,hk,HSCGSI,pb,aggregate,2.16,,stockcheck-public-history,
2017-05-12,hscgsi,恒生消费,hk,HSCGSI,pb,aggregate,2.18,,stockcheck-public-history,
2017-05-19,hscgsi,恒生消费,hk,HSCGSI,pb,aggregate,2.19,,stockcheck-public-history,
2017-05-26,hscgsi,恒生消费,hk,HSCGSI,pb,aggregate,2.23,,stockcheck-public-history,
2017-06-02,hscgsi,恒生消费,hk,HSCGSI,pb,aggregate,2.27,,stockcheck-public-history,
2017-06-09,hscgsi,恒生消费,hk,HSCGSI,pb,aggregate,2.3,,stockcheck-public-history,
2017-06-16,hscgsi,恒生消费,hk,HSCGSI,pb,aggregate,2.29,,stockcheck-public-history,
2017-06-23,hscgsi,恒生消费,hk,HSCGSI,pb,aggregate,2.3,,stockcheck-public-history,
2017-06-30,hscgsi,恒生消费,hk,HSCGSI,pb,aggregate,2.25,,stockcheck-public-history,
2017-07-07,hscgsi,恒生消费,hk,HSCGSI,pb,aggregate,2.26,,stockcheck-public-history,
2017-07-14,hscgsi,恒生消费,hk,HSCGSI,pb,aggregate,2.3,,stockcheck-public-history,
2017-07-21,hscgsi,恒生消费,hk,HSCGSI,pb,aggregate,2.28,,stockcheck-public-history,
2017-07-28,hscgsi,恒生消费,hk,HSCGSI,pb,aggregate,2.28,,stockcheck-public-history,
2017-08-04,hscgsi,恒生消费,hk,HSCGSI,pb,aggregate,2.25,,stockcheck-public-history,
2017-08-11,hscgsi,恒生消费,hk,HSCGSI,pb,aggregate,2.22,,stockcheck-public-history,
2017-08-18,hscgsi,恒生消费,hk,HSCGSI,pb,aggregate,2.29,,stockcheck-public-history,
2017-08-25,hscgsi,恒生消费,hk,HSCGSI,pb,aggregate,2.31,,stockcheck-public-history,
2017-09-01,hscgsi,恒生消费,hk,HSCGSI,pb,aggregate,2.31,,stockcheck-public-history,
2017-09-08,hscgsi,恒生消费,hk,HSCGSI,pb,aggregate,2.32,,stockcheck-public-history,
2017-09-15,hscgsi,恒生消费,hk,HSCGSI,pb,aggregate,2.4,,stockcheck-public-history,
2017-09-22,hscgsi,恒生消费,hk,HSCGSI,pb,aggregate,2.52,,stockcheck-public-history,
2017-09-29,hscgsi,恒生消费,hk,HSCGSI,pb,aggregate,2.54,,stockcheck-public-history,
2017-10-06,hscgsi,恒生消费,hk,HSCGSI,pb,aggregate,2.6,,stockcheck-public-history,
2017-10-13,hscgsi,恒生消费,hk,HSCGSI,pb,aggregate,2.58,,stockcheck-public-history,
2017-10-20,hscgsi,恒生消费,hk,HSCGSI,pb,aggregate,2.58,,stockcheck-public-history,
2017-10-27,hscgsi,恒生消费,hk,HSCGSI,pb,aggregate,2.54,,stockcheck-public-history,
2017-11-03,hscgsi,恒生消费,hk,HSCGSI,pb,aggregate,2.57,,stockcheck-public-history,
2017-11-10,hscgsi,恒生消费,hk,HSCGSI,pb,aggregate,2.65,,stockcheck-public-history,
2017-11-17,hscgsi,恒生消费,hk,HSCGSI,pb,aggregate,2.64,,stockcheck-public-history,
2017-11-24,hscgsi,恒生消费,hk,HSCGSI,pb,aggregate,2.65,,stockcheck-public-history,
2017-12-01,hscgsi,恒生消费,hk,HSCGSI,pb,aggregate,2.6,,stockcheck-public-history,
2017-12-08,hscgsi,恒生消费,hk,HSCGSI,pb,aggregate,2.59,,stockcheck-public-history,
2017-12-15,hscgsi,恒生消费,hk,HSCGSI,pb,aggregate,2.62,,stockcheck-public-history,
2017-12-22,hscgsi,恒生消费,hk,HSCGSI,pb,aggregate,2.67,,stockcheck-public-history,
2017-12-29,hscgsi,恒生消费,hk,HSCGSI,pb,aggregate,2.71,,stockcheck-public-history,
2018-01-05,hscgsi,恒生消费,hk,HSCGSI,pb,aggregate,2.59,,stockcheck-public-history,
2018-01-12,hscgsi,恒生消费,hk,HSCGSI,pb,aggregate,2.63,,stockcheck-public-history,
2018-01-19,hscgsi,恒生消费,hk,HSCGSI,pb,aggregate,2.65,,stockcheck-public-history,
2018-01-26,hscgsi,恒生消费,hk,HSCGSI,pb,aggregate,2.68,,stockcheck-public-history,
2018-02-02,hscgsi,恒生消费,hk,HSCGSI,pb,aggregate,2.6,,stockcheck-public-history,
2018-02-09,hscgsi,恒生消费,hk,HSCGSI,pb,aggregate,2.41,,stockcheck-public-history,
2018-02-15,hscgsi,恒生消费,hk,HSCGSI,pb,aggregate,2.54,,stockcheck-public-history,
2018-02-23,hscgsi,恒生消费,hk,HSCGSI,pb,aggregate,2.61,,stockcheck-public-history,
2018-03-02,hscgsi,恒生消费,hk,HSCGSI,pb,aggregate,2.58,,stockcheck-public-history,
2018-03-09,hscgsi,恒生消费,hk,HSCGSI,pb,aggregate,2.59,,stockcheck-public-history,
2018-03-16,hscgsi,恒生消费,hk,HSCGSI,pb,aggregate,2.58,,stockcheck-public-history,
2018-03-23,hscgsi,恒生消费,hk,HSCGSI,pb,aggregate,2.46,,stockcheck-public-history,
2018-03-29,hscgsi,恒生消费,hk,HSCGSI,pb,aggregate,2.42,,stockcheck-public-history,
2018-04-06,hscgsi,恒生消费,hk,HSCGSI,pb,aggregate,2.41,,stockcheck-public-history,
2018-04-13,hscgsi,恒生消费,hk,HSCGSI,pb,aggregate,2.46,,stockcheck-public-history,
2018-04-20,hscgsi,恒生消费,hk,HSCGSI,pb,aggregate,2.39,,stockcheck-public-history,
2018-04-27,hscgsi,恒生消费,hk,HSCGSI,pb,aggregate,2.39,,stockcheck-public-history,
2018-05-04,hscgsi,恒生消费,hk,HSCGSI,pb,aggregate,2.41,,stockcheck-public-history,
2018-05-11,hscgsi,恒生消费,hk,HSCGSI,pb,aggregate,2.49,,stockcheck-public-history,
2018-05-18,hscgsi,恒生消费,hk,HSCGSI,pb,aggregate,2.5,,stockcheck-public-history,
2018-05-25,hscgsi,恒生消费,hk,HSCGSI,pb,aggregate,2.51,,stockcheck-public-history,
2018-06-01,hscgsi,恒生消费,hk,HSCGSI,pb,aggregate,2.52,,stockcheck-public-history,
2018-06-08,hscgsi,恒生消费,hk,HSCGSI,pb,aggregate,2.54,,stockcheck-public-history,
2018-06-15,hscgsi,恒生消费,hk,HSCGSI,pb,aggregate,2.51,,stockcheck-public-history,
2018-06-22,hscgsi,恒生消费,hk,HSCGSI,pb,aggregate,2.46,,stockcheck-public-history,
2018-06-29,hscgsi,恒生消费,hk,HSCGSI,pb,aggregate,2.41,,stockcheck-public-history,
2018-07-06,hscgsi,恒生消费,hk,HSCGSI,pb,aggregate,2.26,,stockcheck-public-history,
2018-07-13,hscgsi,恒生消费,hk,HSCGSI,pb,aggregate,2.37,,stockcheck-public-history,
2018-07-20,hscgsi,恒生消费,hk,HSCGSI,pb,aggregate,2.34,,stockcheck-public-history,
2018-07-27,hscgsi,恒生消费,hk,HSCGSI,pb,aggregate,2.37,,stockcheck-public-history,
2018-08-03,hscgsi,恒生消费,hk,HSCGSI,pb,aggregate,2.23,,stockcheck-public-history,
2018-08-10,hscgsi,恒生消费,hk,HSCGSI,pb,aggregate,2.26,,stockcheck-public-history,
2018-08-17,hscgsi,恒生消费,hk,HSCGSI,pb,aggregate,2.12,,stockcheck-public-history,
2018-08-24,hscgsi,恒生消费,hk,HSCGSI,pb,aggregate,2.21,,stockcheck-public-history,
2018-08-31,hscgsi,恒生消费,hk,HSCGSI,pb,aggregate,2.23,,stockcheck-public-history,
2018-09-07,hscgsi,恒生消费,hk,HSCGSI,pb,aggregate,2.1,,stockcheck-public-history,
2018-09-14,hscgsi,恒生消费,hk,HSCGSI,pb,aggregate,2.14,,stockcheck-public-history,
2018-09-21,hscgsi,恒生消费,hk,HSCGSI,pb,aggregate,2.28,,stockcheck-public-history,
2018-09-28,hscgsi,恒生消费,hk,HSCGSI,pb,aggregate,2.25,,stockcheck-public-history,
2018-10-05,hscgsi,恒生消费,hk,HSCGSI,pb,aggregate,2.15,,stockcheck-public-history,
2018-10-12,hscgsi,恒生消费,hk,HSCGSI,pb,aggregate,2.03,,stockcheck-public-history,
2018-10-19,hscgsi,恒生消费,hk,HSCGSI,pb,aggregate,1.99,,stockcheck-public-history,
2018-10-26,hscgsi,恒生消费,hk,HSCGSI,pb,aggregate,1.94,,stockcheck-public-history,
2018-11-02,hscgsi,恒生消费,hk,HSCGSI,pb,aggregate,2.12,,stockcheck-public-history,
2018-11-09,hscgsi,恒生消费,hk,HSCGSI,pb,aggregate,2.02,,stockcheck-public-history,
2018-11-16,hscgsi,恒生消费,hk,HSCGSI,pb,aggregate,2.07,,stockcheck-public-history,
2018-11-23,hscgsi,恒生消费,hk,HSCGSI,pb,aggregate,2.05,,stockcheck-public-history,
2018-11-30,hscgsi,恒生消费,hk,HSCGSI,pb,aggregate,2.07,,stockcheck-public-history,
2018-12-07,hscgsi,恒生消费,hk,HSCGSI,pb,aggregate,2.04,,stockcheck-public-history,
2018-12-14,hscgsi,恒生消费,hk,HSCGSI,pb,aggregate,2.11,,stockcheck-public-history,
2018-12-21,hscgsi,恒生消费,hk,HSCGSI,pb,aggregate,2.02,,stockcheck-public-history,
2018-12-28,hscgsi,恒生消费,hk,HSCGSI,pb,aggregate,2.01,,stockcheck-public-history,
2019-01-04,hscgsi,恒生消费,hk,HSCGSI,pb,aggregate,1.9,,stockcheck-public-history,
2019-01-11,hscgsi,恒生消费,hk,HSCGSI,pb,aggregate,1.95,,stockcheck-public-history,
2019-01-18,hscgsi,恒生消费,hk,HSCGSI,pb,aggregate,1.98,,stockcheck-public-history,
2019-01-25,hscgsi,恒生消费,hk,HSCGSI,pb,aggregate,2.03,,stockcheck-public-history,
2019-02-01,hscgsi,恒生消费,hk,HSCGSI,pb,aggregate,2.06,,stockcheck-public-history,
2019-02-08,hscgsi,恒生消费,hk,HSCGSI,pb,aggregate,2.08,,stockcheck-public-history,
2019-02-15,hscgsi,恒生消费,hk,HSCGSI,pb,aggregate,2.11,,stockcheck-public-history,
2019-02-22,hscgsi,恒生消费,hk,HSCGSI,pb,aggregate,2.2,,stockcheck-public-history,
2019-03-01,hscgsi,恒生消费,hk,HSCGSI,pb,aggregate,2.18,,stockcheck-public-history,
2019-03-08,hscgsi,恒生消费,hk,HSCGSI,pb,aggregate,2.12,,stockcheck-public-history,
2019-03-15,hscgsi,恒生消费,hk,HSCGSI,pb,aggregate,2.21,,stockcheck-public-history,
2019-03-22,hscgsi,恒生消费,hk,HSCGSI,pb,aggregate,2.26,,stockcheck-public-history,
2019-03-29,hscgsi,恒生消费,hk,HSCGSI,pb,aggregate,2.29,,stockcheck-public-history,
2019-04-04,hscgsi,恒生消费,hk,HSCGSI,pb,aggregate,2.38,,stockcheck-public-history,
2019-04-12,hscgsi,恒生消费,hk,HSCGSI,pb,aggregate,2.39,,stockcheck-public-history,
2019-04-18,hscgsi,恒生消费,hk,HSCGSI,pb,aggregate,2.42,,stockcheck-public-history,
2019-04-26,hscgsi,恒生消费,hk,HSCGSI,pb,aggregate,2.37,,stockcheck-public-history,
2019-05-03,hscgsi,恒生消费,hk,HSCGSI,pb,aggregate,2.41,,stockcheck-public-history,
2019-05-10,hscgsi,恒生消费,hk,HSCGSI,pb,aggregate,2.28,,stockcheck-public-history,
2019-05-17,hscgsi,恒生消费,hk,HSCGSI,pb,aggregate,2.22,,stockcheck-public-history,
2019-05-24,hscgsi,恒生消费,hk,HSCGSI,pb,aggregate,2.14,,stockcheck-public-history,
2019-05-31,hscgsi,恒生消费,hk,HSCGSI,pb,aggregate,2.15,,stockcheck-public-history,
2019-06-06,hscgsi,恒生消费,hk,HSCGSI,pb,aggregate,2.13,,stockcheck-public-history,
2019-06-14,hscgsi,恒生消费,hk,HSCGSI,pb,aggregate,2.17,,stockcheck-public-history,
2019-06-21,hscgsi,恒生消费,hk,HSCGSI,pb,aggregate,2.25,,stockcheck-public-history,
2019-06-28,hscgsi,恒生消费,hk,HSCGSI,pb,aggregate,2.29,,stockcheck-public-history,
2019-07-05,hscgsi,恒生消费,hk,HSCGSI,pb,aggregate,2.31,,stockcheck-public-history,
2019-07-12,hscgsi,恒生消费,hk,HSCGSI,pb,aggregate,2.25,,stockcheck-public-history,
2019-07-19,hscgsi,恒生消费,hk,HSCGSI,pb,aggregate,2.3,,stockcheck-public-history,
2019-07-26,hscgsi,恒生消费,hk,HSCGSI,pb,aggregate,2.3,,stockcheck-public-history,
2019-08-02,hscgsi,恒生消费,hk,HSCGSI,pb,aggregate,2.16,,stockcheck-public-history,
2019-08-09,hscgsi,恒生消费,hk,HSCGSI,pb,aggregate,2.13,,stockcheck-public-history,
2019-08-16,hscgsi,恒生消费,hk,HSCGSI,pb,aggregate,2.13,2809.05,stockcheck-public-history,
2019-08-23,hscgsi,恒生消费,hk,HSCGSI,pb,aggregate,2.21,2916.89,stockcheck-public-history,
2019-08-30,hscgsi,恒生消费,hk,HSCGSI,pb,aggregate,2.21,2895.05,stockcheck-public-history,
2019-09-06,hscgsi,恒生消费,hk,HSCGSI,pb,aggregate,2.28,2991.49,stockcheck-public-history,
2019-09-13,hscgsi,恒生消费,hk,HSCGSI,pb,aggregate,2.14,3070.17,stockcheck-public-history,
2019-09-20,hscgsi,恒生消费,hk,HSCGSI,pb,aggregate,2.06,2953.16,stockcheck-public-history,
2019-09-27,hscgsi,恒生消费,hk,HSCGSI,pb,aggregate,2,2884.25,stockcheck-public-history,
2019-10-04,hscgsi,恒生消费,hk,HSCGSI,pb,aggregate,1.99,2899.54,stockcheck-public-history,
2019-10-11,hscgsi,恒生消费,hk,HSCGSI,pb,aggregate,2.02,2962.49,stockcheck-public-history,
2019-10-18,hscgsi,恒生消费,hk,HSCGSI,pb,aggregate,2.15,3003.11,stockcheck-public-history,
2019-10-25,hscgsi,恒生消费,hk,HSCGSI,pb,aggregate,2.16,3018.63,stockcheck-public-history,
2019-11-01,hscgsi,恒生消费,hk,HSCGSI,pb,aggregate,2.2,3103.72,stockcheck-public-history,
2019-11-08,hscgsi,恒生消费,hk,HSCGSI,pb,aggregate,2.24,3171.05,stockcheck-public-history,
2019-11-15,hscgsi,恒生消费,hk,HSCGSI,pb,aggregate,2.16,3046.53,stockcheck-public-history,
2019-11-22,hscgsi,恒生消费,hk,HSCGSI,pb,aggregate,2.17,3046.72,stockcheck-public-history,
2019-11-29,hscgsi,恒生消费,hk,HSCGSI,pb,aggregate,2.15,3014.64,stockcheck-public-history,
2019-12-06,hscgsi,恒生消费,hk,HSCGSI,pb,aggregate,2.19,3067.76,stockcheck-public-history,
2019-12-13,hscgsi,恒生消费,hk,HSCGSI,pb,aggregate,2.23,3123.68,stockcheck-public-history,
2019-12-20,hscgsi,恒生消费,hk,HSCGSI,pb,aggregate,2.21,3106.68,stockcheck-public-history,
2019-12-27,hscgsi,恒生消费,hk,HSCGSI,pb,aggregate,2.24,3145.98,stockcheck-public-history,
2020-01-03,hscgsi,恒生消费,hk,HSCGSI,pb,aggregate,2.17,3174.65,stockcheck-public-history,
2020-01-10,hscgsi,恒生消费,hk,HSCGSI,pb,aggregate,2.2,3240.8,stockcheck-public-history,
2020-01-17,hscgsi,恒生消费,hk,HSCGSI,pb,aggregate,2.23,3302.83,stockcheck-public-history,
2020-01-24,hscgsi,恒生消费,hk,HSCGSI,pb,aggregate,2.08,3089.36,stockcheck-public-history,
2020-01-31,hscgsi,恒生消费,hk,HSCGSI,pb,aggregate,1.94,2883.07,stockcheck-public-history,
2020-02-07,hscgsi,恒生消费,hk,HSCGSI,pb,aggregate,2.06,3013.37,stockcheck-public-history,
2020-02-14,hscgsi,恒生消费,hk,HSCGSI,pb,aggregate,2.09,3065.24,stockcheck-public-history,
2020-02-21,hscgsi,恒生消费,hk,HSCGSI,pb,aggregate,2.11,3068.52,stockcheck-public-history,
2020-02-28,hscgsi,恒生消费,hk,HSCGSI,pb,aggregate,1.97,2868.6,stockcheck-public-history,
2020-03-06,hscgsi,恒生消费,hk,HSCGSI,pb,aggregate,1.98,2920.63,stockcheck-public-history,
2020-03-13,hscgsi,恒生消费,hk,HSCGSI,pb,aggregate,1.9,2644.51,stockcheck-public-history,
2020-03-20,hscgsi,恒生消费,hk,HSCGSI,pb,aggregate,1.76,2411.74,stockcheck-public-history,
2020-03-27,hscgsi,恒生消费,hk,HSCGSI,pb,aggregate,1.83,2542.81,stockcheck-public-history,
2020-04-03,hscgsi,恒生消费,hk,HSCGSI,pb,aggregate,1.79,2447.77,stockcheck-public-history,
2020-04-09,hscgsi,恒生消费,hk,HSCGSI,pb,aggregate,1.93,2679.07,stockcheck-public-history,
2020-04-17,hscgsi,恒生消费,hk,HSCGSI,pb,aggregate,1.98,2735.73,stockcheck-public-history,
2020-04-24,hscgsi,恒生消费,hk,HSCGSI,pb,aggregate,1.97,2704.78,stockcheck-public-history,
2020-04-29,hscgsi,恒生消费,hk,HSCGSI,pb,aggregate,2.04,2808.23,stockcheck-public-history,
2020-05-08,hscgsi,恒生消费,hk,HSCGSI,pb,aggregate,2.07,2856.57,stockcheck-public-history,
2020-05-15,hscgsi,恒生消费,hk,HSCGSI,pb,aggregate,2.04,2815.64,stockcheck-public-history,
2020-05-22,hscgsi,恒生消费,hk,HSCGSI,pb,aggregate,1.98,2740.03,stockcheck-public-history,
2020-05-29,hscgsi,恒生消费,hk,HSCGSI,pb,aggregate,2.04,2805.74,stockcheck-public-history,
2020-06-05,hscgsi,恒生消费,hk,HSCGSI,pb,aggregate,2.2,3023.31,stockcheck-public-history,
2020-06-12,hscgsi,恒生消费,hk,HSCGSI,pb,aggregate,2.15,2962.81,stockcheck-public-history,
2020-06-19,hscgsi,恒生消费,hk,HSCGSI,pb,aggregate,2.19,3027.63,stockcheck-public-history,
2020-06-26,hscgsi,恒生消费,hk,HSCGSI,pb,aggregate,2.14,2973.42,stockcheck-public-history,
2020-07-03,hscgsi,恒生消费,hk,HSCGSI,pb,aggregate,2.24,3067.22,stockcheck-public-history,
2020-07-10,hscgsi,恒生消费,hk,HSCGSI,pb,aggregate,2.26,3138.85,stockcheck-public-history,
2020-07-17,hscgsi,恒生消费,hk,HSCGSI,pb,aggregate,2.28,3166.74,stockcheck-public-history,
2020-07-24,hscgsi,恒生消费,hk,HSCGSI,pb,aggregate,2.24,3095.39,stockcheck-public-history,
2020-07-31,hscgsi,恒生消费,hk,HSCGSI,pb,aggregate,2.4,3176.4,stockcheck-public-history,
2020-08-07,hscgsi,恒生消费,hk,HSCGSI,pb,aggregate,2.43,3241.41,stockcheck-public-history,
2020-08-14,hscgsi,恒生消费,hk,HSCGSI,pb,aggregate,2.5,3353.85,stockcheck-public-history,
2020-08-21,hscgsi,恒生消费,hk,HSCGSI,pb,aggregate,2.5,3360.83,stockcheck-public-history,
2020-08-28,hscgsi,恒生消费,hk,HSCGSI,pb,aggregate,2.56,3462.92,stockcheck-public-history,
2020-09-04,hscgsi,恒生消费,hk,HSCGSI,pb,aggregate,2.51,3409.7,stockcheck-public-history,
2020-09-11,hscgsi,恒生消费,hk,HSCGSI,pb,aggregate,2.71,3396.02,stockcheck-public-history,
2020-09-18,hscgsi,恒生消费,hk,HSCGSI,pb,aggregate,2.77,3505.01,stockcheck-public-history,
2020-09-25,hscgsi,恒生消费,hk,HSCGSI,pb,aggregate,2.78,3316.6,stockcheck-public-history,
2020-09-30,hscgsi,恒生消费,hk,HSCGSI,pb,aggregate,2.83,3390.42,stockcheck-public-history,
2020-10-09,hscgsi,恒生消费,hk,HSCGSI,pb,aggregate,2.91,3479.99,stockcheck-public-history,
2020-10-16,hscgsi,恒生消费,hk,HSCGSI,pb,aggregate,2.87,3475.49,stockcheck-public-history,
2020-10-23,hscgsi,恒生消费,hk,HSCGSI,pb,aggregate,2.89,3525.99,stockcheck-public-history,
2020-10-30,hscgsi,恒生消费,hk,HSCGSI,pb,aggregate,2.84,3430.81,stockcheck-public-history,
2020-11-06,hscgsi,恒生消费,hk,HSCGSI,pb,aggregate,3.03,3728.4,stockcheck-public-history,
2020-11-13,hscgsi,恒生消费,hk,HSCGSI,pb,aggregate,3.07,3760.34,stockcheck-public-history,
2020-11-20,hscgsi,恒生消费,hk,HSCGSI,pb,aggregate,3.23,3972.28,stockcheck-public-history,
2020-11-27,hscgsi,恒生消费,hk,HSCGSI,pb,aggregate,3.26,3907.09,stockcheck-public-history,
2020-12-04,hscgsi,恒生消费,hk,HSCGSI,pb,aggregate,3.25,3912.44,stockcheck-public-history,
2020-12-11,hscgsi,恒生消费,hk,HSCGSI,pb,aggregate,3.27,3908.06,stockcheck-public-history,
2020-12-18,hscgsi,恒生消费,hk,HSCGSI,pb,aggregate,3.35,3994.3,stockcheck-public-history,
2020-12-24,hscgsi,恒生消费,hk,HSCGSI,pb,aggregate,3.42,4083.01,stockcheck-public-history,
2020-12-31,hscgsi,恒生消费,hk,HSCGSI,pb,aggregate,3.51,4253.56,stockcheck-public-history,
2021-01-08,hscgsi,恒生消费,hk,HSCGSI,pb,aggregate,3.69,4505.94,stockcheck-public-history,
2021-01-15,hscgsi,恒生消费,hk,HSCGSI,pb,aggregate,3.57,4351.61,stockcheck-public-history,
2021-01-22,hscgsi,恒生消费,hk,HSCGSI,pb,aggregate,3.72,4550.37,stockcheck-public-history,
2021-01-29,hscgsi,恒生消费,hk,HSCGSI,pb,aggregate,3.62,4396.85,stockcheck-public-history,
2021-02-05,hscgsi,恒生消费,hk,HSCGSI,pb,aggregate,3.79,4600.33,stockcheck-public-history,
2021-02-11,hscgsi,恒生消费,hk,HSCGSI,pb,aggregate,3.93,4790.57,stockcheck-public-history,
2021-02-19,hscgsi,恒生消费,hk,HSCGSI,pb,aggregate,3.95,4794.1,stockcheck-public-history,
2021-02-26,hscgsi,恒生消费,hk,HSCGSI,pb,aggregate,3.55,4321.18,stockcheck-public-history,
2021-03-05,hscgsi,恒生消费,hk,HSCGSI,pb,aggregate,3.5,4261.17,stockcheck-public-history,
2021-03-12,hscgsi,恒生消费,hk,HSCGSI,pb,aggregate,3.51,4296.67,stockcheck-public-history,
2021-03-19,hscgsi,恒生消费,hk,HSCGSI,pb,aggregate,3.65,4369.44,stockcheck-public-history,
2021-03-26,hscgsi,恒生消费,hk,HSCGSI,pb,aggregate,3.49,4186.68,stockcheck-public-history,
2021-04-01,hscgsi,恒生消费,hk,HSCGSI,pb,aggregate,3.54,4287.19,stockcheck-public-history,
2021-04-09,hscgsi,恒生消费,hk,HSCGSI,pb,aggregate,3.5,4260.59,stockcheck-public-history,
2021-04-16,hscgsi,恒生消费,hk,HSCGSI,pb,aggregate,3.55,4326.01,stockcheck-public-history,
2021-04-23,hscgsi,恒生消费,hk,HSCGSI,pb,aggregate,3.57,4373.97,stockcheck-public-history,
2021-04-30,hscgsi,恒生消费,hk,HSCGSI,pb,aggregate,3.48,4277.63,stockcheck-public-history,
2021-05-07,hscgsi,恒生消费,hk,HSCGSI,pb,aggregate,3.4,4213.17,stockcheck-public-history,
2021-05-14,hscgsi,恒生消费,hk,HSCGSI,pb,aggregate,3.31,4105.7,stockcheck-public-history,
2021-05-21,hscgsi,恒生消费,hk,HSCGSI,pb,aggregate,3.47,4292.61,stockcheck-public-history,
2021-05-28,hscgsi,恒生消费,hk,HSCGSI,pb,aggregate,3.51,4402.86,stockcheck-public-history,
2021-06-04,hscgsi,恒生消费,hk,HSCGSI,pb,aggregate,3.53,4408.98,stockcheck-public-history,
2021-06-11,hscgsi,恒生消费,hk,HSCGSI,pb,aggregate,3.52,4415.34,stockcheck-public-history,
2021-06-18,hscgsi,恒生消费,hk,HSCGSI,pb,aggregate,3.56,4460.63,stockcheck-public-history,
2021-06-25,hscgsi,恒生消费,hk,HSCGSI,pb,aggregate,3.6,4486.47,stockcheck-public-history,
2021-07-02,hscgsi,恒生消费,hk,HSCGSI,pb,aggregate,3.41,4403.58,stockcheck-public-history,
2021-07-09,hscgsi,恒生消费,hk,HSCGSI,pb,aggregate,3.37,4347.09,stockcheck-public-history,
2021-07-16,hscgsi,恒生消费,hk,HSCGSI,pb,aggregate,3.46,4350.44,stockcheck-public-history,
2021-07-23,hscgsi,恒生消费,hk,HSCGSI,pb,aggregate,3.41,4234.62,stockcheck-public-history,
2021-07-30,hscgsi,恒生消费,hk,HSCGSI,pb,aggregate,3.25,4078.13,stockcheck-public-history,
2021-08-06,hscgsi,恒生消费,hk,HSCGSI,pb,aggregate,3.31,4166.85,stockcheck-public-history,
2021-08-13,hscgsi,恒生消费,hk,HSCGSI,pb,aggregate,3.35,4223.13,stockcheck-public-history,
2021-08-20,hscgsi,恒生消费,hk,HSCGSI,pb,aggregate,3.15,3983.46,stockcheck-public-history,
2021-08-27,hscgsi,恒生消费,hk,HSCGSI,pb,aggregate,3.3,4136.53,stockcheck-public-history,
2021-09-03,hscgsi,恒生消费,hk,HSCGSI,pb,aggregate,3.38,4232.3,stockcheck-public-history,
2021-09-10,hscgsi,恒生消费,hk,HSCGSI,pb,aggregate,3.27,4255.59,stockcheck-public-history,
2021-09-17,hscgsi,恒生消费,hk,HSCGSI,pb,aggregate,3.06,4008.9,stockcheck-public-history,
2021-09-24,hscgsi,恒生消费,hk,HSCGSI,pb,aggregate,2.95,3823.34,stockcheck-public-history,
2021-09-30,hscgsi,恒生消费,hk,HSCGSI,pb,aggregate,2.98,3844.62,stockcheck-public-history,
2021-10-08,hscgsi,恒生消费,hk,HSCGSI,pb,aggregate,2.96,3802.78,stockcheck-public-history,
2021-10-15,hscgsi,恒生消费,hk,HSCGSI,pb,aggregate,3.07,3945.32,stockcheck-public-history,
2021-10-22,hscgsi,恒生消费,hk,HSCGSI,pb,aggregate,3.14,4087.52,stockcheck-public-history,
2021-10-29,hscgsi,恒生消费,hk,HSCGSI,pb,aggregate,3.1,4064.39,stockcheck-public-history,
2021-11-05,hscgsi,恒生消费,hk,HSCGSI,pb,aggregate,3.09,4042.02,stockcheck-public-history,
2021-11-12,hscgsi,恒生消费,hk,HSCGSI,pb,aggregate,3.16,4120.36,stockcheck-public-history,
2021-11-19,hscgsi,恒生消费,hk,HSCGSI,pb,aggregate,3.2,4173.3,stockcheck-public-history,
2021-11-26,hscgsi,恒生消费,hk,HSCGSI,pb,aggregate,3.13,4086.06,stockcheck-public-history,
2021-12-03,hscgsi,恒生消费,hk,HSCGSI,pb,aggregate,3.07,4019.77,stockcheck-public-history,
2021-12-10,hscgsi,恒生消费,hk,HSCGSI,pb,aggregate,3.08,4025.85,stockcheck-public-history,
2021-12-17,hscgsi,恒生消费,hk,HSCGSI,pb,aggregate,2.91,3801.04,stockcheck-public-history,
2021-12-24,hscgsi,恒生消费,hk,HSCGSI,pb,aggregate,2.94,3804.52,stockcheck-public-history,
2021-12-31,hscgsi,恒生消费,hk,HSCGSI,pb,aggregate,2.89,3846.39,stockcheck-public-history,
2022-01-07,hscgsi,恒生消费,hk,HSCGSI,pb,aggregate,2.77,3667.28,stockcheck-public-history,
2022-01-14,hscgsi,恒生消费,hk,HSCGSI,pb,aggregate,2.83,3766.77,stockcheck-public-history,
2022-01-21,hscgsi,恒生消费,hk,HSCGSI,pb,aggregate,2.89,3829.4,stockcheck-public-history,
2022-01-28,hscgsi,恒生消费,hk,HSCGSI,pb,aggregate,2.65,3457.22,stockcheck-public-history,
2022-02-04,hscgsi,恒生消费,hk,HSCGSI,pb,aggregate,2.78,3645.71,stockcheck-public-history,
2022-02-11,hscgsi,恒生消费,hk,HSCGSI,pb,aggregate,2.82,3697.11,stockcheck-public-history,
2022-02-18,hscgsi,恒生消费,hk,HSCGSI,pb,aggregate,2.83,3720.25,stockcheck-public-history,
2022-02-25,hscgsi,恒生消费,hk,HSCGSI,pb,aggregate,2.69,3521.63,stockcheck-public-history,
2022-03-04,hscgsi,恒生消费,hk,HSCGSI,pb,aggregate,2.52,3294.33,stockcheck-public-history,
2022-03-11,hscgsi,恒生消费,hk,HSCGSI,pb,aggregate,2.32,2972.05,stockcheck-public-history,
2022-03-18,hscgsi,恒生消费,hk,HSCGSI,pb,aggregate,2.37,3041.81,stockcheck-public-history,
2022-03-25,hscgsi,恒生消费,hk,HSCGSI,pb,aggregate,2.35,3012.28,stockcheck-public-history,
2022-04-01,hscgsi,恒生消费,hk,HSCGSI,pb,aggregate,2.42,3111.52,stockcheck-public-history,
2022-04-08,hscgsi,恒生消费,hk,HSCGSI,pb,aggregate,2.35,2998.39,stockcheck-public-history,
2022-04-14,hscgsi,恒生消费,hk,HSCGSI,pb,aggregate,2.39,3044.72,stockcheck-public-history,
2022-04-22,hscgsi,恒生消费,hk,HSCGSI,pb,aggregate,2.36,2979.47,stockcheck-public-history,
2022-04-29,hscgsi,恒生消费,hk,HSCGSI,pb,aggregate,2.45,3014.22,stockcheck-public-history,
2022-05-06,hscgsi,恒生消费,hk,HSCGSI,pb,aggregate,2.31,2806.57,stockcheck-public-history,
2022-05-13,hscgsi,恒生消费,hk,HSCGSI,pb,aggregate,2.39,2862.63,stockcheck-public-history,
2022-05-20,hscgsi,恒生消费,hk,HSCGSI,pb,aggregate,2.48,2973.34,stockcheck-public-history,
2022-05-27,hscgsi,恒生消费,hk,HSCGSI,pb,aggregate,2.44,2924.7,stockcheck-public-history,
2022-06-02,hscgsi,恒生消费,hk,HSCGSI,pb,aggregate,2.56,3076.79,stockcheck-public-history,
2022-06-10,hscgsi,恒生消费,hk,HSCGSI,pb,aggregate,2.63,3172.83,stockcheck-public-history,
2022-06-17,hscgsi,恒生消费,hk,HSCGSI,pb,aggregate,2.57,3025.02,stockcheck-public-history,
2022-06-24,hscgsi,恒生消费,hk,HSCGSI,pb,aggregate,2.75,3211.39,stockcheck-public-history,
2022-06-30,hscgsi,恒生消费,hk,HSCGSI,pb,aggregate,2.91,3324.6,stockcheck-public-history,
2022-07-08,hscgsi,恒生消费,hk,HSCGSI,pb,aggregate,2.89,3294.63,stockcheck-public-history,
2022-07-15,hscgsi,恒生消费,hk,HSCGSI,pb,aggregate,2.75,3112.39,stockcheck-public-history,
2022-07-22,hscgsi,恒生消费,hk,HSCGSI,pb,aggregate,2.76,3138.41,stockcheck-public-history,
2022-07-29,hscgsi,恒生消费,hk,HSCGSI,pb,aggregate,2.68,3052.39,stockcheck-public-history,
2022-08-05,hscgsi,恒生消费,hk,HSCGSI,pb,aggregate,2.71,3082.09,stockcheck-public-history,
2022-08-12,hscgsi,恒生消费,hk,HSCGSI,pb,aggregate,2.7,3079.49,stockcheck-public-history,
2022-08-19,hscgsi,恒生消费,hk,HSCGSI,pb,aggregate,2.69,3060.11,stockcheck-public-history,
2022-08-26,hscgsi,恒生消费,hk,HSCGSI,pb,aggregate,2.7,3053.29,stockcheck-public-history,
2022-09-02,hscgsi,恒生消费,hk,HSCGSI,pb,aggregate,2.58,2895.47,stockcheck-public-history,
2022-09-09,hscgsi,恒生消费,hk,HSCGSI,pb,aggregate,3.33,2880.22,stockcheck-public-history,
2022-09-16,hscgsi,恒生消费,hk,HSCGSI,pb,aggregate,3.32,2857.23,stockcheck-public-history,
2022-09-23,hscgsi,恒生消费,hk,HSCGSI,pb,aggregate,3.23,2736.25,stockcheck-public-history,
2022-09-30,hscgsi,恒生消费,hk,HSCGSI,pb,aggregate,3.18,2642.61,stockcheck-public-history,
2022-10-07,hscgsi,恒生消费,hk,HSCGSI,pb,aggregate,3.34,2783.91,stockcheck-public-history,
2022-10-14,hscgsi,恒生消费,hk,HSCGSI,pb,aggregate,3.05,2544.36,stockcheck-public-history,
2022-10-21,hscgsi,恒生消费,hk,HSCGSI,pb,aggregate,2.9,2413.73,stockcheck-public-history,
2022-10-28,hscgsi,恒生消费,hk,HSCGSI,pb,aggregate,2.75,2256.38,stockcheck-public-history,
2022-11-04,hscgsi,恒生消费,hk,HSCGSI,pb,aggregate,3.09,2490.95,stockcheck-public-history,
2022-11-11,hscgsi,恒生消费,hk,HSCGSI,pb,aggregate,3.25,2672.56,stockcheck-public-history,
2022-11-18,hscgsi,恒生消费,hk,HSCGSI,pb,aggregate,3.31,2750.56,stockcheck-public-history,
2022-11-25,hscgsi,恒生消费,hk,HSCGSI,pb,aggregate,3.11,2578.51,stockcheck-public-history,
2022-12-02,hscgsi,恒生消费,hk,HSCGSI,pb,aggregate,3.46,2900.45,stockcheck-public-history,
2022-12-09,hscgsi,恒生消费,hk,HSCGSI,pb,aggregate,3.59,3041.51,stockcheck-public-history,
2022-12-16,hscgsi,恒生消费,hk,HSCGSI,pb,aggregate,3.54,2972.56,stockcheck-public-history,
2022-12-23,hscgsi,恒生消费,hk,HSCGSI,pb,aggregate,3.59,3033.19,stockcheck-public-history,
2022-12-30,hscgsi,恒生消费,hk,HSCGSI,pb,aggregate,3.58,3035.74,stockcheck-public-history,
2023-01-06,hscgsi,恒生消费,hk,HSCGSI,pb,aggregate,3.58,3158,stockcheck-public-history,
2023-01-13,hscgsi,恒生消费,hk,HSCGSI,pb,aggregate,3.59,3271.49,stockcheck-public-history,
2023-01-20,hscgsi,恒生消费,hk,HSCGSI,pb,aggregate,3.6,3288.55,stockcheck-public-history,
2023-01-27,hscgsi,恒生消费,hk,HSCGSI,pb,aggregate,3.7,3399.81,stockcheck-public-history,
2023-02-03,hscgsi,恒生消费,hk,HSCGSI,pb,aggregate,3.53,3275.12,stockcheck-public-history,
2023-02-10,hscgsi,恒生消费,hk,HSCGSI,pb,aggregate,3.46,3174.97,stockcheck-public-history,
2023-02-17,hscgsi,恒生消费,hk,HSCGSI,pb,aggregate,3.47,3139.79,stockcheck-public-history,
2023-02-24,hscgsi,恒生消费,hk,HSCGSI,pb,aggregate,3.39,3005.46,stockcheck-public-history,
2023-03-03,hscgsi,恒生消费,hk,HSCGSI,pb,aggregate,3.52,3122.25,stockcheck-public-history,
2023-03-10,hscgsi,恒生消费,hk,HSCGSI,pb,aggregate,3.36,2939.17,stockcheck-public-history,
2023-03-17,hscgsi,恒生消费,hk,HSCGSI,pb,aggregate,3.41,2985.05,stockcheck-public-history,
2023-03-24,hscgsi,恒生消费,hk,HSCGSI,pb,aggregate,3.44,3055.45,stockcheck-public-history,
2023-03-31,hscgsi,恒生消费,hk,HSCGSI,pb,aggregate,3.42,3052.97,stockcheck-public-history,
2023-04-06,hscgsi,恒生消费,hk,HSCGSI,pb,aggregate,3.39,3018.9,stockcheck-public-history,
2023-04-14,hscgsi,恒生消费,hk,HSCGSI,pb,aggregate,3.39,3038.62,stockcheck-public-history,
2023-04-21,hscgsi,恒生消费,hk,HSCGSI,pb,aggregate,3.31,2944.45,stockcheck-public-history,
2023-04-28,hscgsi,恒生消费,hk,HSCGSI,pb,aggregate,3.29,2899.71,stockcheck-public-history,
2023-05-05,hscgsi,恒生消费,hk,HSCGSI,pb,aggregate,3.24,2874.95,stockcheck-public-history,
2023-05-12,hscgsi,恒生消费,hk,HSCGSI,pb,aggregate,3.14,2753.25,stockcheck-public-history,
2023-05-19,hscgsi,恒生消费,hk,HSCGSI,pb,aggregate,3.14,2702.28,stockcheck-public-history,
2023-05-25,hscgsi,恒生消费,hk,HSCGSI,pb,aggregate,3.02,2593.17,stockcheck-public-history,
2023-06-02,hscgsi,恒生消费,hk,HSCGSI,pb,aggregate,3.08,2624.16,stockcheck-public-history,
2023-06-09,hscgsi,恒生消费,hk,HSCGSI,pb,aggregate,3.13,2653.89,stockcheck-public-history,
2023-06-16,hscgsi,恒生消费,hk,HSCGSI,pb,aggregate,3.29,2797.67,stockcheck-public-history,
2023-06-23,hscgsi,恒生消费,hk,HSCGSI,pb,aggregate,3.11,2606.04,stockcheck-public-history,
2023-06-30,hscgsi,恒生消费,hk,HSCGSI,pb,aggregate,3,2622.51,stockcheck-public-history,
2023-07-07,hscgsi,恒生消费,hk,HSCGSI,pb,aggregate,2.9,2528.73,stockcheck-public-history,
2023-07-14,hscgsi,恒生消费,hk,HSCGSI,pb,aggregate,3.03,2685.16,stockcheck-public-history,
2023-07-21,hscgsi,恒生消费,hk,HSCGSI,pb,aggregate,2.98,2635.54,stockcheck-public-history,
2023-07-28,hscgsi,恒生消费,hk,HSCGSI,pb,aggregate,3.1,2744.43,stockcheck-public-history,
2023-08-04,hscgsi,恒生消费,hk,HSCGSI,pb,aggregate,3.09,2754.15,stockcheck-public-history,
2023-08-11,hscgsi,恒生消费,hk,HSCGSI,pb,aggregate,3.03,2673.63,stockcheck-public-history,
2023-08-18,hscgsi,恒生消费,hk,HSCGSI,pb,aggregate,2.91,2554.56,stockcheck-public-history,
2023-08-25,hscgsi,恒生消费,hk,HSCGSI,pb,aggregate,2.97,2565.42,stockcheck-public-history,
2023-08-31,hscgsi,恒生消费,hk,HSCGSI,pb,aggregate,3,2589.25,stockcheck-public-history,
2023-09-07,hscgsi,恒生消费,hk,HSCGSI,pb,aggregate,2.94,2553.79,stockcheck-public-history,
2023-09-15,hscgsi,恒生消费,hk,HSCGSI,pb,aggregate,2.96,2582.35,stockcheck-public-history,
2023-09-22,hscgsi,恒生消费,hk,HSCGSI,pb,aggregate,2.92,2549.89,stockcheck-public-history,
2023-09-29,hscgsi,恒生消费,hk,HSCGSI,pb,aggregate,2.89,2521.31,stockcheck-public-history,
2023-10-06,hscgsi,恒生消费,hk,HSCGSI,pb,aggregate,2.78,2447.72,stockcheck-public-history,
2023-10-13,hscgsi,恒生消费,hk,HSCGSI,pb,aggregate,2.77,2477.5,stockcheck-public-history,
2023-10-20,hscgsi,恒生消费,hk,HSCGSI,pb,aggregate,2.68,2387.11,stockcheck-public-history,
2023-10-27,hscgsi,恒生消费,hk,HSCGSI,pb,aggregate,2.74,2415.05,stockcheck-public-history,
2023-11-03,hscgsi,恒生消费,hk,HSCGSI,pb,aggregate,2.75,2420.42,stockcheck-public-history,
2023-11-10,hscgsi,恒生消费,hk,HSCGSI,pb,aggregate,2.67,2327.97,stockcheck-public-history,
2023-11-17,hscgsi,恒生消费,hk,HSCGSI,pb,aggregate,2.68,2333.31,stockcheck-public-history,
2023-11-24,hscgsi,恒生消费,hk,HSCGSI,pb,aggregate,2.66,2330.44,stockcheck-public-history,
2023-12-01,hscgsi,恒生消费,hk,HSCGSI,pb,aggregate,2.55,2247.94,stockcheck-public-history,
2023-12-08,hscgsi,恒生消费,hk,HSCGSI,pb,aggregate,2.47,2166.02,stockcheck-public-history,
2023-12-15,hscgsi,恒生消费,hk,HSCGSI,pb,aggregate,2.51,2231.42,stockcheck-public-history,
2023-12-22,hscgsi,恒生消费,hk,HSCGSI,pb,aggregate,2.49,2211.87,stockcheck-public-history,
2023-12-29,hscgsi,恒生消费,hk,HSCGSI,pb,aggregate,2.56,2280.03,stockcheck-public-history,
2024-01-05,hscgsi,恒生消费,hk,HSCGSI,pb,aggregate,2.43,2168.82,stockcheck-public-history,
2024-01-12,hscgsi,恒生消费,hk,HSCGSI,pb,aggregate,2.42,2152.85,stockcheck-public-history,
2024-01-19,hscgsi,恒生消费,hk,HSCGSI,pb,aggregate,2.3,2027.57,stockcheck-public-history,
2024-01-26,hscgsi,恒生消费,hk,HSCGSI,pb,aggregate,2.35,2066.64,stockcheck-public-history,
2024-02-02,hscgsi,恒生消费,hk,HSCGSI,pb,aggregate,2.31,2038.3,stockcheck-public-history,
2024-02-09,hscgsi,恒生消费,hk,HSCGSI,pb,aggregate,2.38,2089.08,stockcheck-public-history,
2024-02-16,hscgsi,恒生消费,hk,HSCGSI,pb,aggregate,2.53,2218.06,stockcheck-public-history,
2024-02-23,hscgsi,恒生消费,hk,HSCGSI,pb,aggregate,2.59,2268.71,stockcheck-public-history,
2024-03-01,hscgsi,恒生消费,hk,HSCGSI,pb,aggregate,2.53,2234.81,stockcheck-public-history,
2024-03-08,hscgsi,恒生消费,hk,HSCGSI,pb,aggregate,2.56,2238.32,stockcheck-public-history,
2024-03-15,hscgsi,恒生消费,hk,HSCGSI,pb,aggregate,2.69,2363.51,stockcheck-public-history,
2024-03-22,hscgsi,恒生消费,hk,HSCGSI,pb,aggregate,2.63,2315.39,stockcheck-public-history,
2024-03-28,hscgsi,恒生消费,hk,HSCGSI,pb,aggregate,2.68,2356.06,stockcheck-public-history,
2024-04-05,hscgsi,恒生消费,hk,HSCGSI,pb,aggregate,2.7,2378.95,stockcheck-public-history,
2024-04-12,hscgsi,恒生消费,hk,HSCGSI,pb,aggregate,2.65,2362.92,stockcheck-public-history,
2024-04-19,hscgsi,恒生消费,hk,HSCGSI,pb,aggregate,2.57,2283.24,stockcheck-public-history,
2024-04-26,hscgsi,恒生消费,hk,HSCGSI,pb,aggregate,2.76,2454.9,stockcheck-public-history,
2024-05-03,hscgsi,恒生消费,hk,HSCGSI,pb,aggregate,2.84,2505.84,stockcheck-public-history,
2024-05-10,hscgsi,恒生消费,hk,HSCGSI,pb,aggregate,2.88,2557.33,stockcheck-public-history,
2024-05-17,hscgsi,恒生消费,hk,HSCGSI,pb,aggregate,2.9,2542.41,stockcheck-public-history,
2024-05-24,hscgsi,恒生消费,hk,HSCGSI,pb,aggregate,2.72,2386.98,stockcheck-public-history,
2024-05-31,hscgsi,恒生消费,hk,HSCGSI,pb,aggregate,2.64,2325.06,stockcheck-public-history,
2024-06-07,hscgsi,恒生消费,hk,HSCGSI,pb,aggregate,2.66,2350.96,stockcheck-public-history,
2024-06-14,hscgsi,恒生消费,hk,HSCGSI,pb,aggregate,2.57,2271.42,stockcheck-public-history,
2024-06-21,hscgsi,恒生消费,hk,HSCGSI,pb,aggregate,2.49,2186.97,stockcheck-public-history,
2024-06-28,hscgsi,恒生消费,hk,HSCGSI,pb,aggregate,2.43,2134.4,stockcheck-public-history,
2024-07-05,hscgsi,恒生消费,hk,HSCGSI,pb,aggregate,2.36,2082.97,stockcheck-public-history,
2024-07-12,hscgsi,恒生消费,hk,HSCGSI,pb,aggregate,2.43,2150.1,stockcheck-public-history,
2024-07-19,hscgsi,恒生消费,hk,HSCGSI,pb,aggregate,2.32,2061.39,stockcheck-public-history,
2024-07-26,hscgsi,恒生消费,hk,HSCGSI,pb,aggregate,2.24,1990.05,stockcheck-public-history,
2024-08-02,hscgsi,恒生消费,hk,HSCGSI,pb,aggregate,2.16,1972.78,stockcheck-public-history,
2024-08-09,hscgsi,恒生消费,hk,HSCGSI,pb,aggregate,2.19,2014.05,stockcheck-public-history,
2024-08-16,hscgsi,恒生消费,hk,HSCGSI,pb,aggregate,2.18,2014.74,stockcheck-public-history,
2024-08-23,hscgsi,恒生消费,hk,HSCGSI,pb,aggregate,2.16,2015.69,stockcheck-public-history,
2024-08-30,hscgsi,恒生消费,hk,HSCGSI,pb,aggregate,2.23,2083.93,stockcheck-public-history,
2024-09-05,hscgsi,恒生消费,hk,HSCGSI,pb,aggregate,2.18,2048.05,stockcheck-public-history,
2024-09-13,hscgsi,恒生消费,hk,HSCGSI,pb,aggregate,2.1,1984.03,stockcheck-public-history,
2024-09-20,hscgsi,恒生消费,hk,HSCGSI,pb,aggregate,2.21,2104.91,stockcheck-public-history,
2024-09-27,hscgsi,恒生消费,hk,HSCGSI,pb,aggregate,2.63,2502.32,stockcheck-public-history,
2024-10-04,hscgsi,恒生消费,hk,HSCGSI,pb,aggregate,2.84,2690.64,stockcheck-public-history,
2024-10-10,hscgsi,恒生消费,hk,HSCGSI,pb,aggregate,2.69,2550.03,stockcheck-public-history,
2024-10-18,hscgsi,恒生消费,hk,HSCGSI,pb,aggregate,2.58,2420.88,stockcheck-public-history,
2024-10-25,hscgsi,恒生消费,hk,HSCGSI,pb,aggregate,2.56,2415.68,stockcheck-public-history,
2024-11-01,hscgsi,恒生消费,hk,HSCGSI,pb,aggregate,2.52,2387.55,stockcheck-public-history,
2024-11-08,hscgsi,恒生消费,hk,HSCGSI,pb,aggregate,2.66,2507.85,stockcheck-public-history,
2024-11-15,hscgsi,恒生消费,hk,HSCGSI,pb,aggregate,2.48,2334,stockcheck-public-history,
2024-11-22,hscgsi,恒生消费,hk,HSCGSI,pb,aggregate,2.48,2330.01,stockcheck-public-history,
2024-11-29,hscgsi,恒生消费,hk,HSCGSI,pb,aggregate,2.52,2375.93,stockcheck-public-history,
2024-12-06,hscgsi,恒生消费,hk,HSCGSI,pb,aggregate,2.61,2457.34,stockcheck-public-history,
2024-12-13,hscgsi,恒生消费,hk,HSCGSI,pb,aggregate,2.67,2500.06,stockcheck-public-history,
2024-12-20,hscgsi,恒生消费,hk,HSCGSI,pb,aggregate,2.61,2444.86,stockcheck-public-history,
2024-12-27,hscgsi,恒生消费,hk,HSCGSI,pb,aggregate,2.61,2440.76,stockcheck-public-history,
2025-01-03,hscgsi,恒生消费,hk,HSCGSI,pb,aggregate,2.47,2379.95,stockcheck-public-history,
2025-01-10,hscgsi,恒生消费,hk,HSCGSI,pb,aggregate,2.39,2302.48,stockcheck-public-history,
2025-01-17,hscgsi,恒生消费,hk,HSCGSI,pb,aggregate,2.44,2342.33,stockcheck-public-history,
2025-01-24,hscgsi,恒生消费,hk,HSCGSI,pb,aggregate,2.47,2382.6,stockcheck-public-history,
2025-01-28,hscgsi,恒生消费,hk,HSCGSI,pb,aggregate,2.5,2403.71,stockcheck-public-history,
2025-02-07,hscgsi,恒生消费,hk,HSCGSI,pb,aggregate,2.52,2439.78,stockcheck-public-history,
2025-02-14,hscgsi,恒生消费,hk,HSCGSI,pb,aggregate,2.59,2504.07,stockcheck-public-history,
2025-02-21,hscgsi,恒生消费,hk,HSCGSI,pb,aggregate,2.52,2448.24,stockcheck-public-history,
2025-02-28,hscgsi,恒生消费,hk,HSCGSI,pb,aggregate,2.5,2448.43,stockcheck-public-history,
2025-03-07,hscgsi,恒生消费,hk,HSCGSI,pb,aggregate,2.67,2591.78,stockcheck-public-history,
2025-03-14,hscgsi,恒生消费,hk,HSCGSI,pb,aggregate,2.75,2596.14,stockcheck-public-history,
2025-03-21,hscgsi,恒生消费,hk,HSCGSI,pb,aggregate,2.74,2568.14,stockcheck-public-history,
2025-03-28,hscgsi,恒生消费,hk,HSCGSI,pb,aggregate,2.75,2606.24,stockcheck-public-history,
2025-04-03,hscgsi,恒生消费,hk,HSCGSI,pb,aggregate,2.65,2545.87,stockcheck-public-history,
2025-04-11,hscgsi,恒生消费,hk,HSCGSI,pb,aggregate,2.53,2394.48,stockcheck-public-history,
2025-04-17,hscgsi,恒生消费,hk,HSCGSI,pb,aggregate,2.58,2439.77,stockcheck-public-history,
2025-04-25,hscgsi,恒生消费,hk,HSCGSI,pb,aggregate,2.62,2486.67,stockcheck-public-history,
2025-05-02,hscgsi,恒生消费,hk,HSCGSI,pb,aggregate,2.69,2552.02,stockcheck-public-history,
2025-05-09,hscgsi,恒生消费,hk,HSCGSI,pb,aggregate,2.71,2569.72,stockcheck-public-history,
2025-05-16,hscgsi,恒生消费,hk,HSCGSI,pb,aggregate,2.75,2612.76,stockcheck-public-history,
2025-05-23,hscgsi,恒生消费,hk,HSCGSI,pb,aggregate,2.77,2622.27,stockcheck-public-history,
2025-05-30,hscgsi,恒生消费,hk,HSCGSI,pb,aggregate,2.78,2642.79,stockcheck-public-history,
2025-06-06,hscgsi,恒生消费,hk,HSCGSI,pb,aggregate,2.79,2676.68,stockcheck-public-history,
2025-06-13,hscgsi,恒生消费,hk,HSCGSI,pb,aggregate,2.99,2694.69,stockcheck-public-history,
2025-06-20,hscgsi,恒生消费,hk,HSCGSI,pb,aggregate,2.87,2577.77,stockcheck-public-history,
2025-06-27,hscgsi,恒生消费,hk,HSCGSI,pb,aggregate,2.93,2655.42,stockcheck-public-history,
2025-07-04,hscgsi,恒生消费,hk,HSCGSI,pb,aggregate,2.95,2675.47,stockcheck-public-history,
2025-07-11,hscgsi,恒生消费,hk,HSCGSI,pb,aggregate,2.94,2685.27,stockcheck-public-history,
2025-07-18,hscgsi,恒生消费,hk,HSCGSI,pb,aggregate,2.99,2734.96,stockcheck-public-history,
2025-07-25,hscgsi,恒生消费,hk,HSCGSI,pb,aggregate,3.03,2774.13,stockcheck-public-history,
2025-08-01,hscgsi,恒生消费,hk,HSCGSI,pb,aggregate,2.92,2690.41,stockcheck-public-history,
2025-08-08,hscgsi,恒生消费,hk,HSCGSI,pb,aggregate,3.03,2771.5,stockcheck-public-history,
2025-08-15,hscgsi,恒生消费,hk,HSCGSI,pb,aggregate,3.05,2809.42,stockcheck-public-history,
2025-08-22,hscgsi,恒生消费,hk,HSCGSI,pb,aggregate,3.16,2927.15,stockcheck-public-history,
2025-08-29,hscgsi,恒生消费,hk,HSCGSI,pb,aggregate,3.14,2900.06,stockcheck-public-history,
2025-09-05,hscgsi,恒生消费,hk,HSCGSI,pb,aggregate,3.15,2875.22,stockcheck-public-history,
2025-09-12,hscgsi,恒生消费,hk,HSCGSI,pb,aggregate,3.17,2862.62,stockcheck-public-history,
2025-09-19,hscgsi,恒生消费,hk,HSCGSI,pb,aggregate,3.2,2884.99,stockcheck-public-history,
2025-09-26,hscgsi,恒生消费,hk,HSCGSI,pb,aggregate,3.07,2758.38,stockcheck-public-history,
2025-10-03,hscgsi,恒生消费,hk,HSCGSI,pb,aggregate,3.07,2776.94,stockcheck-public-history,
2025-10-10,hscgsi,恒生消费,hk,HSCGSI,pb,aggregate,3.05,2748.75,stockcheck-public-history,
2025-10-17,hscgsi,恒生消费,hk,HSCGSI,pb,aggregate,3.04,2710.75,stockcheck-public-history,
2025-10-24,hscgsi,恒生消费,hk,HSCGSI,pb,aggregate,3.03,2738.4,stockcheck-public-history,
2025-10-31,hscgsi,恒生消费,hk,HSCGSI,pb,aggregate,2.94,2630.48,stockcheck-public-history,
2025-11-07,hscgsi,恒生消费,hk,HSCGSI,pb,aggregate,2.93,2623.34,stockcheck-public-history,
2025-11-14,hscgsi,恒生消费,hk,HSCGSI,pb,aggregate,3.05,2738.82,stockcheck-public-history,
2025-11-21,hscgsi,恒生消费,hk,HSCGSI,pb,aggregate,2.93,2642.98,stockcheck-public-history,
2025-11-28,hscgsi,恒生消费,hk,HSCGSI,pb,aggregate,2.99,2704.7,stockcheck-public-history,
2025-12-05,hscgsi,恒生消费,hk,HSCGSI,pb,aggregate,2.98,2696.26,stockcheck-public-history,
2025-12-12,hscgsi,恒生消费,hk,HSCGSI,pb,aggregate,2.92,2645.28,stockcheck-public-history,
2025-12-19,hscgsi,恒生消费,hk,HSCGSI,pb,aggregate,2.9,2652.91,stockcheck-public-history,
2025-12-24,hscgsi,恒生消费,hk,HSCGSI,pb,aggregate,2.92,2665.98,stockcheck-public-history,
2026-01-02,hscgsi,恒生消费,hk,HSCGSI,pb,aggregate,2.8,2628.73,stockcheck-public-history,
2026-01-09,hscgsi,恒生消费,hk,HSCGSI,pb,aggregate,2.8,2653.25,stockcheck-public-history,
2026-01-16,hscgsi,恒生消费,hk,HSCGSI,pb,aggregate,2.82,2675.05,stockcheck-public-history,
2026-01-23,hscgsi,恒生消费,hk,HSCGSI,pb,aggregate,2.87,2747.39,stockcheck-public-history,
2026-01-30,hscgsi,恒生消费,hk,HSCGSI,pb,aggregate,2.85,2761.67,stockcheck-public-history,
2026-02-06,hscgsi,恒生消费,hk,HSCGSI,pb,aggregate,2.93,2880.39,stockcheck-public-history,
2026-02-13,hscgsi,恒生消费,hk,HSCGSI,pb,aggregate,2.94,2912.12,stockcheck-public-history,
2026-02-20,hscgsi,恒生消费,hk,HSCGSI,pb,aggregate,2.95,2897.64,stockcheck-public-history,
2026-02-27,hscgsi,恒生消费,hk,HSCGSI,pb,aggregate,2.9,2893.53,stockcheck-public-history,
2026-03-06,hscgsi,恒生消费,hk,HSCGSI,pb,aggregate,2.76,2754.27,stockcheck-public-history,
2026-03-13,hscgsi,恒生消费,hk,HSCGSI,pb,aggregate,2.68,2665.12,stockcheck-public-history,
2026-03-20,hscgsi,恒生消费,hk,HSCGSI,pb,aggregate,2.64,2641.43,stockcheck-public-history,
2026-03-27,hscgsi,恒生消费,hk,HSCGSI,pb,aggregate,2.55,2533.41,stockcheck-public-history,
2026-04-02,hscgsi,恒生消费,hk,HSCGSI,pb,aggregate,2.55,2554.41,stockcheck-public-history,
2026-04-10,hscgsi,恒生消费,hk,HSCGSI,pb,aggregate,2.59,2620.9,stockcheck-public-history,
2026-04-17,hscgsi,恒生消费,hk,HSCGSI,pb,aggregate,2.57,2572.69,stockcheck-public-history,
2026-04-24,hscgsi,恒生消费,hk,HSCGSI,pb,aggregate,2.57,2570.33,stockcheck-public-history,
2026-04-30,hscgsi,恒生消费,hk,HSCGSI,pb,aggregate,2.55,2546.59,stockcheck-public-history,
2026-05-08,hscgsi,恒生消费,hk,HSCGSI,pb,aggregate,2.56,2587.77,stockcheck-public-history,
2026-05-15,hscgsi,恒生消费,hk,HSCGSI,pb,aggregate,2.51,2504.25,stockcheck-public-history,
2026-05-22,hscgsi,恒生消费,hk,HSCGSI,pb,aggregate,2.42,2426.73,stockcheck-public-history,
2026-05-29,hscgsi,恒生消费,hk,HSCGSI,pb,aggregate,2.4,2429.68,stockcheck-public-history,
2026-06-05,hscgsi,恒生消费,hk,HSCGSI,pb,aggregate,2.41,2413.3,stockcheck-public-history,
2026-06-12,hscgsi,恒生消费,hk,HSCGSI,pb,aggregate,2.49,2454.34,stockcheck-public-history,
2026-06-18,hscgsi,恒生消费,hk,HSCGSI,pb,aggregate,2.34,2322.89,stockcheck-public-history,
2026-06-26,hscgsi,恒生消费,hk,HSCGSI,pb,aggregate,2.26,2253.76,stockcheck-public-history,
2026-07-03,hscgsi,恒生消费,hk,HSCGSI,pb,aggregate,2.35,2318.67,stockcheck-public-history,
2026-07-10,hscgsi,恒生消费,hk,HSCGSI,pb,aggregate,2.32,2290.97,stockcheck-public-history,
2026-07-17,hscgsi,恒生消费,hk,HSCGSI,pb,aggregate,2.41,2373.74,stockcheck-public-history,
2026-07-24,hscgsi,恒生消费,hk,HSCGSI,pb,aggregate,2.4,2366.99,stockcheck-public-history,
2026-07-31,hscgsi,恒生消费,hk,HSCGSI,pb,aggregate,2.52,2468.1,stockcheck-public-history,
2026-08-07,hscgsi,恒生消费,hk,HSCGSI,pb,aggregate,2.45,2433.45,stockcheck-public-history,
2026-08-14,hscgsi,恒生消费,hk,HSCGSI,pb,aggregate,2.45,2412.2,stockcheck-public-history,
2026-08-21,hscgsi,恒生消费,hk,HSCGSI,pb,aggregate,2.48,2440.29,stockcheck-public-history,
2026-08-28,hscgsi,恒生消费,hk,HSCGSI,pb,aggregate,2.5,2393.95,stockcheck-public-history,
2026-09-04,hscgsi,恒生消费,hk,HSCGSI,pb,aggregate,2.45,2342.27,stockcheck-public-history,
2026-09-11,hscgsi,恒生消费,hk,HSCGSI,pb,aggregate,2.34,2241.27,stockcheck-public-history,
2026-09-18,hscgsi,恒生消费,hk,HSCGSI,pb,aggregate,2.32,2213.26,stockcheck-public-history,
2026-09-25,hscgsi,恒生消费,hk,HSCGSI,pb,aggregate,2.27,2168.02,stockcheck-public-history,
2026-09-29,hscgsi,恒生消费,hk,HSCGSI,pb,aggregate,2.27,2195.8,public-page:https://getstockcheck.com/en/index/HSCGSI.HK/,0.2767
2026-09-29,hstech,恒生科技,hk,HSTECH,ps_ttm,aggregate,1.51,4249.7,public-page:https://baifenwei.com/index/hstech/,0.031
2026-09-28,pharma50,医药50,cn,931140,pb,market_cap_harmonic,3.86920812365,9959.97,reconstructed:csi+eastmoney:market_cap_harmonic,
2016-10-09,sp500,标普500,us,SP500,pe_ttm,aggregate,23.6095,2153.74,danjuan-public-history,
2016-10-16,sp500,标普500,us,SP500,pe_ttm,aggregate,23.2867,2132.98,danjuan-public-history,
2016-10-23,sp500,标普500,us,SP500,pe_ttm,aggregate,23.5836,2141.16,danjuan-public-history,
2016-10-30,sp500,标普500,us,SP500,pe_ttm,aggregate,23.2131,2126.41,danjuan-public-history,
2016-11-06,sp500,标普500,us,SP500,pe_ttm,aggregate,22.4147,2085.18,danjuan-public-history,
2016-11-13,sp500,标普500,us,SP500,pe_ttm,aggregate,22.8026,2164.45,danjuan-public-history,
2016-11-20,sp500,标普500,us,SP500,pe_ttm,aggregate,23.1767,2181.9,danjuan-public-history,
2016-11-27,sp500,标普500,us,SP500,pe_ttm,aggregate,23.2626,2213.35,danjuan-public-history,
2016-12-04,sp500,标普500,us,SP500,pe_ttm,aggregate,23.2691,2191.95,danjuan-public-history,
2016-12-11,sp500,标普500,us,SP500,pe_ttm,aggregate,23.8444,2259.53,danjuan-public-history,
2016-12-18,sp500,标普500,us,SP500,pe_ttm,aggregate,23.9018,2258.07,danjuan-public-history,
2016-12-25,sp500,标普500,us,SP500,pe_ttm,aggregate,23.8972,2263.79,danjuan-public-history,
2017-01-08,sp500,标普500,us,SP500,pe_ttm,aggregate,23.961,2276.98,danjuan-public-history,
2017-01-15,sp500,标普500,us,SP500,pe_ttm,aggregate,23.9147,2274.64,danjuan-public-history,
2017-01-22,sp500,标普500,us,SP500,pe_ttm,aggregate,23.5059,2271.31,danjuan-public-history,
2017-02-02,sp500,标普500,us,SP500,pe_ttm,aggregate,23.3436,2280.85,danjuan-public-history,
2017-02-12,sp500,标普500,us,SP500,pe_ttm,aggregate,23.7039,2316.1,danjuan-public-history,
2017-02-19,sp500,标普500,us,SP500,pe_ttm,aggregate,23.7534,2351.16,danjuan-public-history,
2017-02-26,sp500,标普500,us,SP500,pe_ttm,aggregate,23.5779,2367.34,danjuan-public-history,
2017-03-05,sp500,标普500,us,SP500,pe_ttm,aggregate,23.6139,2383.12,danjuan-public-history,
2017-03-12,sp500,标普500,us,SP500,pe_ttm,aggregate,23.628,2372.6,danjuan-public-history,
2017-03-19,sp500,标普500,us,SP500,pe_ttm,aggregate,23.6458,2378.25,danjuan-public-history,
2017-03-26,sp500,标普500,us,SP500,pe_ttm,aggregate,23.3023,2343.98,danjuan-public-history,
2017-04-09,sp500,标普500,us,SP500,pe_ttm,aggregate,23.3508,2355.54,danjuan-public-history,
2017-04-16,sp500,标普500,us,SP500,pe_ttm,aggregate,23.265,2328.95,danjuan-public-history,
2017-04-23,sp500,标普500,us,SP500,pe_ttm,aggregate,23.3933,2348.69,danjuan-public-history,
2017-05-07,sp500,标普500,us,SP500,pe_ttm,aggregate,22.9609,2399.29,danjuan-public-history,
2017-05-14,sp500,标普500,us,SP500,pe_ttm,aggregate,23.0736,2390.9,danjuan-public-history,
2017-05-21,sp500,标普500,us,SP500,pe_ttm,aggregate,22.9286,2381.73,danjuan-public-history,
2017-06-04,sp500,标普500,us,SP500,pe_ttm,aggregate,23.4275,2439.07,danjuan-public-history,
2017-06-11,sp500,标普500,us,SP500,pe_ttm,aggregate,23.3351,2431.77,danjuan-public-history,
2017-06-18,sp500,标普500,us,SP500,pe_ttm,aggregate,23.5113,2433.15,danjuan-public-history,
2017-06-25,sp500,标普500,us,SP500,pe_ttm,aggregate,23.3988,2438.3,danjuan-public-history,
2017-07-02,sp500,标普500,us,SP500,pe_ttm,aggregate,23.2014,2423.41,danjuan-public-history,
2017-07-09,sp500,标普500,us,SP500,pe_ttm,aggregate,23.1382,2425.18,danjuan-public-history,
2017-07-16,sp500,标普500,us,SP500,pe_ttm,aggregate,23.4285,2459.27,danjuan-public-history,
2017-07-23,sp500,标普500,us,SP500,pe_ttm,aggregate,23.3559,2472.54,danjuan-public-history,
2017-07-30,sp500,标普500,us,SP500,pe_ttm,aggregate,23.1023,2472.1,danjuan-public-history,
2017-08-06,sp500,标普500,us,SP500,pe_ttm,aggregate,23.0224,2476.83,danjuan-public-history,
2017-08-13,sp500,标普500,us,SP500,pe_ttm,aggregate,22.8939,2441.32,danjuan-public-history,
2017-08-20,sp500,标普500,us,SP500,pe_ttm,aggregate,22.5442,2425.55,danjuan-public-history,
2017-08-27,sp500,标普500,us,SP500,pe_ttm,aggregate,22.6477,2443.05,danjuan-public-history,
2017-09-03,sp500,标普500,us,SP500,pe_ttm,aggregate,22.9318,2476.55,danjuan-public-history,
2017-09-10,sp500,标普500,us,SP500,pe_ttm,aggregate,23.0769,2461.43,danjuan-public-history,
2017-09-17,sp500,标普500,us,SP500,pe_ttm,aggregate,23.1449,2500.23,danjuan-public-history,
2017-09-24,sp500,标普500,us,SP500,pe_ttm,aggregate,23.0729,2502.22,danjuan-public-history,
2017-10-08,sp500,标普500,us,SP500,pe_ttm,aggregate,23.4775,2549.33,danjuan-public-history,
2017-10-15,sp500,标普500,us,SP500,pe_ttm,aggregate,23.5932,2553.17,danjuan-public-history,
2017-10-22,sp500,标普500,us,SP500,pe_ttm,aggregate,23.5354,2575.21,danjuan-public-history,
2017-10-29,sp500,标普500,us,SP500,pe_ttm,aggregate,23.4655,2581.07,danjuan-public-history,
2017-11-05,sp500,标普500,us,SP500,pe_ttm,aggregate,24.0768,2587.84,danjuan-public-history,
2017-11-12,sp500,标普500,us,SP500,pe_ttm,aggregate,23.9027,2582.3,danjuan-public-history,
2017-11-19,sp500,标普500,us,SP500,pe_ttm,aggregate,23.8996,2578.85,danjuan-public-history,
2017-11-26,sp500,标普500,us,SP500,pe_ttm,aggregate,24.0444,2602.42,danjuan-public-history,
2017-12-03,sp500,标普500,us,SP500,pe_ttm,aggregate,24.3218,2642.22,danjuan-public-history,
2017-12-10,sp500,标普500,us,SP500,pe_ttm,aggregate,24.5085,2651.5,danjuan-public-history,
2017-12-17,sp500,标普500,us,SP500,pe_ttm,aggregate,24.8238,2675.81,danjuan-public-history,
2017-12-24,sp500,标普500,us,SP500,pe_ttm,aggregate,24.6552,2683.34,danjuan-public-history,
2018-01-07,sp500,标普500,us,SP500,pe_ttm,aggregate,25.2495,2743.15,danjuan-public-history,
2018-01-14,sp500,标普500,us,SP500,pe_ttm,aggregate,25.5629,2786.24,danjuan-public-history,
2018-01-21,sp500,标普500,us,SP500,pe_ttm,aggregate,26.8746,2810.3,danjuan-public-history,
2018-01-28,sp500,标普500,us,SP500,pe_ttm,aggregate,27.3919,2872.87,danjuan-public-history,
2018-02-04,sp500,标普500,us,SP500,pe_ttm,aggregate,25.3149,2762.13,danjuan-public-history,
2018-02-11,sp500,标普500,us,SP500,pe_ttm,aggregate,25.4141,2619.55,danjuan-public-history,
2018-02-21,sp500,标普500,us,SP500,pe_ttm,aggregate,25.4894,2701.33,danjuan-public-history,
2018-03-04,sp500,标普500,us,SP500,pe_ttm,aggregate,24.9548,2691.25,danjuan-public-history,
2018-03-11,sp500,标普500,us,SP500,pe_ttm,aggregate,25.5048,2786.57,danjuan-public-history,
2018-03-18,sp500,标普500,us,SP500,pe_ttm,aggregate,24.8652,2752.01,danjuan-public-history,
2018-03-25,sp500,标普500,us,SP500,pe_ttm,aggregate,24.2614,2588.26,danjuan-public-history,
2018-04-01,sp500,标普500,us,SP500,pe_ttm,aggregate,23.5103,2640.87,danjuan-public-history,
2018-04-08,sp500,标普500,us,SP500,pe_ttm,aggregate,23.7996,2604.47,danjuan-public-history,
2018-04-15,sp500,标普500,us,SP500,pe_ttm,aggregate,24.2511,2656.3,danjuan-public-history,
2018-04-22,sp500,标普500,us,SP500,pe_ttm,aggregate,23.9204,2670.14,danjuan-public-history,
2018-05-06,sp500,标普500,us,SP500,pe_ttm,aggregate,23.1746,2663.42,danjuan-public-history,
2018-05-13,sp500,标普500,us,SP500,pe_ttm,aggregate,23.6659,2727.72,danjuan-public-history,
2018-05-20,sp500,标普500,us,SP500,pe_ttm,aggregate,23.677,2712.97,danjuan-public-history,
2018-05-27,sp500,标普500,us,SP500,pe_ttm,aggregate,23.6016,2721.33,danjuan-public-history,
2018-06-03,sp500,标普500,us,SP500,pe_ttm,aggregate,23.8607,2734.62,danjuan-public-history,
2018-06-10,sp500,标普500,us,SP500,pe_ttm,aggregate,24.1324,2779.03,danjuan-public-history,
2018-06-24,sp500,标普500,us,SP500,pe_ttm,aggregate,23.4922,2754.88,danjuan-public-history,
2018-07-01,sp500,标普500,us,SP500,pe_ttm,aggregate,23.518,2718.37,danjuan-public-history,
2018-07-08,sp500,标普500,us,SP500,pe_ttm,aggregate,24.0174,2759.82,danjuan-public-history,
2018-07-15,sp500,标普500,us,SP500,pe_ttm,aggregate,24.0677,2801.31,danjuan-public-history,
2018-07-22,sp500,标普500,us,SP500,pe_ttm,aggregate,23.8537,2801.83,danjuan-public-history,
2018-07-29,sp500,标普500,us,SP500,pe_ttm,aggregate,23.2938,2818.82,danjuan-public-history,
2018-08-05,sp500,标普500,us,SP500,pe_ttm,aggregate,23.3517,2840.35,danjuan-public-history,
2018-08-12,sp500,标普500,us,SP500,pe_ttm,aggregate,23.1094,2833.28,danjuan-public-history,
2018-08-19,sp500,标普500,us,SP500,pe_ttm,aggregate,23.373,2850.13,danjuan-public-history,
2018-08-26,sp500,标普500,us,SP500,pe_ttm,aggregate,23.6705,2874.69,danjuan-public-history,
2018-09-02,sp500,标普500,us,SP500,pe_ttm,aggregate,23.6919,2901.52,danjuan-public-history,
2018-09-09,sp500,标普500,us,SP500,pe_ttm,aggregate,23.43,2871.68,danjuan-public-history,
2018-09-16,sp500,标普500,us,SP500,pe_ttm,aggregate,23.4699,2904.98,danjuan-public-history,
2018-09-24,sp500,标普500,us,SP500,pe_ttm,aggregate,23.6476,2919.37,danjuan-public-history,
2018-10-07,sp500,标普500,us,SP500,pe_ttm,aggregate,23.3489,2885.57,danjuan-public-history,
2018-10-14,sp500,标普500,us,SP500,pe_ttm,aggregate,22.1162,2767.13,danjuan-public-history,
2018-10-21,sp500,标普500,us,SP500,pe_ttm,aggregate,22.0236,2767.78,danjuan-public-history,
2018-10-28,sp500,标普500,us,SP500,pe_ttm,aggregate,20.5364,2658.69,danjuan-public-history,
2018-11-04,sp500,标普500,us,SP500,pe_ttm,aggregate,21.2167,2723.06,danjuan-public-history,
2018-11-11,sp500,标普500,us,SP500,pe_ttm,aggregate,21.1007,2781.01,danjuan-public-history,
2018-11-18,sp500,标普500,us,SP500,pe_ttm,aggregate,20.6995,2736.27,danjuan-public-history,
2018-11-25,sp500,标普500,us,SP500,pe_ttm,aggregate,20.6922,2632.56,danjuan-public-history,
2018-12-02,sp500,标普500,us,SP500,pe_ttm,aggregate,20.8978,2760.17,danjuan-public-history,
2018-12-09,sp500,标普500,us,SP500,pe_ttm,aggregate,19.9365,2633.08,danjuan-public-history,
2018-12-16,sp500,标普500,us,SP500,pe_ttm,aggregate,19.2728,2599.95,danjuan-public-history,
2018-12-23,sp500,标普500,us,SP500,pe_ttm,aggregate,18.2847,2416.62,danjuan-public-history,
2019-01-06,sp500,标普500,us,SP500,pe_ttm,aggregate,19.1951,2531.94,danjuan-public-history,
2019-01-13,sp500,标普500,us,SP500,pe_ttm,aggregate,19.6533,2596.26,danjuan-public-history,
2019-01-20,sp500,标普500,us,SP500,pe_ttm,aggregate,19.6093,2670.71,danjuan-public-history,
2019-01-27,sp500,标普500,us,SP500,pe_ttm,aggregate,19.4575,2664.76,danjuan-public-history,
2019-02-10,sp500,标普500,us,SP500,pe_ttm,aggregate,18.9275,2707.88,danjuan-public-history,
2019-02-17,sp500,标普500,us,SP500,pe_ttm,aggregate,19.1534,2775.6,danjuan-public-history,
2019-02-24,sp500,标普500,us,SP500,pe_ttm,aggregate,20.4317,2792.67,danjuan-public-history,
2019-03-03,sp500,标普500,us,SP500,pe_ttm,aggregate,20.5309,2803.69,danjuan-public-history,
2019-03-10,sp500,标普500,us,SP500,pe_ttm,aggregate,20.1605,2743.07,danjuan-public-history,
2019-03-17,sp500,标普500,us,SP500,pe_ttm,aggregate,20.7243,2822.48,danjuan-public-history,
2019-03-24,sp500,标普500,us,SP500,pe_ttm,aggregate,20.9233,2800.71,danjuan-public-history,
2019-03-31,sp500,标普500,us,SP500,pe_ttm,aggregate,21.1375,2834.4,danjuan-public-history,
2019-04-07,sp500,标普500,us,SP500,pe_ttm,aggregate,21.5501,2892.74,danjuan-public-history,
2019-04-14,sp500,标普500,us,SP500,pe_ttm,aggregate,21.6306,2907.41,danjuan-public-history,
2019-04-21,sp500,标普500,us,SP500,pe_ttm,aggregate,21.6129,2905.03,danjuan-public-history,
2019-04-28,sp500,标普500,us,SP500,pe_ttm,aggregate,21.9868,2939.88,danjuan-public-history,
2019-05-05,sp500,标普500,us,SP500,pe_ttm,aggregate,21.4032,2945.64,danjuan-public-history,
2019-05-12,sp500,标普500,us,SP500,pe_ttm,aggregate,21.0366,2881.4,danjuan-public-history,
2019-05-19,sp500,标普500,us,SP500,pe_ttm,aggregate,20.8721,2859.53,danjuan-public-history,
2019-05-26,sp500,标普500,us,SP500,pe_ttm,aggregate,20.619,2826.06,danjuan-public-history,
2019-06-02,sp500,标普500,us,SP500,pe_ttm,aggregate,20.0674,2752.06,danjuan-public-history,
2019-06-09,sp500,标普500,us,SP500,pe_ttm,aggregate,20.8719,2873.34,danjuan-public-history,
2019-06-16,sp500,标普500,us,SP500,pe_ttm,aggregate,21.0353,2886.98,danjuan-public-history,
2019-06-23,sp500,标普500,us,SP500,pe_ttm,aggregate,21.5228,2950.46,danjuan-public-history,
2019-06-30,sp500,标普500,us,SP500,pe_ttm,aggregate,21.5607,2941.76,danjuan-public-history,
2019-07-07,sp500,标普500,us,SP500,pe_ttm,aggregate,21.9404,2990.41,danjuan-public-history,
2019-07-14,sp500,标普500,us,SP500,pe_ttm,aggregate,22.1933,3013.77,danjuan-public-history,
2019-07-21,sp500,标普500,us,SP500,pe_ttm,aggregate,21.7248,2976.61,danjuan-public-history,
2019-07-28,sp500,标普500,us,SP500,pe_ttm,aggregate,22.0472,3025.86,danjuan-public-history,
2019-08-04,sp500,标普500,us,SP500,pe_ttm,aggregate,21.2719,2932.05,danjuan-public-history,
2019-08-11,sp500,标普500,us,SP500,pe_ttm,aggregate,21.1095,2918.65,danjuan-public-history,
2019-08-18,sp500,标普500,us,SP500,pe_ttm,aggregate,20.8697,2888.68,danjuan-public-history,
2019-08-25,sp500,标普500,us,SP500,pe_ttm,aggregate,20.5888,2847.11,danjuan-public-history,
2019-09-01,sp500,标普500,us,SP500,pe_ttm,aggregate,21.2174,2926.46,danjuan-public-history,
2019-09-08,sp500,标普500,us,SP500,pe_ttm,aggregate,21.5956,2978.71,danjuan-public-history,
2019-09-15,sp500,标普500,us,SP500,pe_ttm,aggregate,21.8249,3007.39,danjuan-public-history,
2019-09-22,sp500,标普500,us,SP500,pe_ttm,aggregate,21.7002,2992.07,danjuan-public-history,
2019-09-29,sp500,标普500,us,SP500,pe_ttm,aggregate,21.5443,2961.79,danjuan-public-history,
2019-10-13,sp500,标普500,us,SP500,pe_ttm,aggregate,21.6241,2970.27,danjuan-public-history,
2019-10-20,sp500,标普500,us,SP500,pe_ttm,aggregate,21.9786,2986.2,danjuan-public-history,
2019-10-27,sp500,标普500,us,SP500,pe_ttm,aggregate,22.4419,3022.55,danjuan-public-history,
2019-11-03,sp500,标普500,us,SP500,pe_ttm,aggregate,22.4044,3066.91,danjuan-public-history,
2019-11-10,sp500,标普500,us,SP500,pe_ttm,aggregate,22.8648,3093.08,danjuan-public-history,
2019-11-17,sp500,标普500,us,SP500,pe_ttm,aggregate,23.1147,3120.46,danjuan-public-history,
2019-11-24,sp500,标普500,us,SP500,pe_ttm,aggregate,23.0983,3110.29,danjuan-public-history,
2019-12-01,sp500,标普500,us,SP500,pe_ttm,aggregate,23.3178,3140.98,danjuan-public-history,
2019-12-08,sp500,标普500,us,SP500,pe_ttm,aggregate,23.413,3145.91,danjuan-public-history,
2019-12-15,sp500,标普500,us,SP500,pe_ttm,aggregate,23.5723,3168.8,danjuan-public-history,
2019-12-22,sp500,标普500,us,SP500,pe_ttm,aggregate,24.0072,3221.22,danjuan-public-history,
2019-12-29,sp500,标普500,us,SP500,pe_ttm,aggregate,24.1478,3240.02,danjuan-public-history,
2020-01-05,sp500,标普500,us,SP500,pe_ttm,aggregate,24.1161,3234.85,danjuan-public-history,
2020-01-10,sp500,标普500,us,SP500,pe_ttm,aggregate,24.3853,3265.35,danjuan-public-history,
2020-01-15,sp500,标普500,us,SP500,pe_ttm,aggregate,24.563,3289.29,danjuan-public-history,
2020-01-20,sp500,标普500,us,SP500,pe_ttm,aggregate,24.8477,3329.62,danjuan-public-history,
2020-02-02,sp500,标普500,us,SP500,pe_ttm,aggregate,24.1642,3225.52,danjuan-public-history,
2020-02-09,sp500,标普500,us,SP500,pe_ttm,aggregate,24.6601,3327.71,danjuan-public-history,
2020-02-16,sp500,标普500,us,SP500,pe_ttm,aggregate,24.6746,3380.16,danjuan-public-history,
2020-02-23,sp500,标普500,us,SP500,pe_ttm,aggregate,23.3737,3337.75,danjuan-public-history,
2020-03-01,sp500,标普500,us,SP500,pe_ttm,aggregate,20.6877,2954.22,danjuan-public-history,
2020-03-08,sp500,标普500,us,SP500,pe_ttm,aggregate,20.742,2972.37,danjuan-public-history,
2020-03-15,sp500,标普500,us,SP500,pe_ttm,aggregate,18.9481,2711.02,danjuan-public-history,
2020-03-22,sp500,标普500,us,SP500,pe_ttm,aggregate,16.1785,2304.92,danjuan-public-history,
2020-03-29,sp500,标普500,us,SP500,pe_ttm,aggregate,17.7873,2541.47,danjuan-public-history,
2020-04-12,sp500,标普500,us,SP500,pe_ttm,aggregate,19.5492,2789.82,danjuan-public-history,
2020-04-19,sp500,标普500,us,SP500,pe_ttm,aggregate,20.6125,2874.56,danjuan-public-history,
2020-04-26,sp500,标普500,us,SP500,pe_ttm,aggregate,20.7828,2836.74,danjuan-public-history,
2020-05-10,sp500,标普500,us,SP500,pe_ttm,aggregate,24.2415,2929.8,danjuan-public-history,
2020-05-17,sp500,标普500,us,SP500,pe_ttm,aggregate,23.6221,2863.7,danjuan-public-history,
2020-05-24,sp500,标普500,us,SP500,pe_ttm,aggregate,24.6544,2955.45,danjuan-public-history,
2020-05-31,sp500,标普500,us,SP500,pe_ttm,aggregate,25.4964,3044.31,danjuan-public-history,
2020-06-07,sp500,标普500,us,SP500,pe_ttm,aggregate,26.7216,3193.93,danjuan-public-history,
2020-06-14,sp500,标普500,us,SP500,pe_ttm,aggregate,25.5217,3041.31,danjuan-public-history,
2020-06-21,sp500,标普500,us,SP500,pe_ttm,aggregate,26.0029,3097.74,danjuan-public-history,
2020-06-28,sp500,标普500,us,SP500,pe_ttm,aggregate,25.2959,3009.05,danjuan-public-history,
2020-07-05,sp500,标普500,us,SP500,pe_ttm,aggregate,26.3067,3130.01,danjuan-public-history,
2020-07-12,sp500,标普500,us,SP500,pe_ttm,aggregate,27.0171,3185.04,danjuan-public-history,
2020-07-19,sp500,标普500,us,SP500,pe_ttm,aggregate,27.9395,3224.73,danjuan-public-history,
2020-07-26,sp500,标普500,us,SP500,pe_ttm,aggregate,28.8118,3215.63,danjuan-public-history,
2020-08-02,sp500,标普500,us,SP500,pe_ttm,aggregate,30.8842,3271.12,danjuan-public-history,
2020-08-09,sp500,标普500,us,SP500,pe_ttm,aggregate,33.0863,3351.28,danjuan-public-history,
2020-08-16,sp500,标普500,us,SP500,pe_ttm,aggregate,33.3936,3372.85,danjuan-public-history,
2020-08-23,sp500,标普500,us,SP500,pe_ttm,aggregate,33.557,3397.16,danjuan-public-history,
2020-08-30,sp500,标普500,us,SP500,pe_ttm,aggregate,34.5,3508.01,danjuan-public-history,
2020-09-06,sp500,标普500,us,SP500,pe_ttm,aggregate,33.7039,3426.96,danjuan-public-history,
2020-09-13,sp500,标普500,us,SP500,pe_ttm,aggregate,32.8044,3340.97,danjuan-public-history,
2020-09-20,sp500,标普500,us,SP500,pe_ttm,aggregate,32.4724,3319.47,danjuan-public-history,
2020-09-27,sp500,标普500,us,SP500,pe_ttm,aggregate,32.2505,3298.46,danjuan-public-history,
2020-10-08,sp500,标普500,us,SP500,pe_ttm,aggregate,33.588,3446.83,danjuan-public-history,
2020-10-18,sp500,标普500,us,SP500,pe_ttm,aggregate,33.9866,3483.81,danjuan-public-history,
2020-10-25,sp500,标普500,us,SP500,pe_ttm,aggregate,34.193,3465.39,danjuan-public-history,
2020-11-01,sp500,标普500,us,SP500,pe_ttm,aggregate,31.8776,3269.96,danjuan-public-history,
2020-11-08,sp500,标普500,us,SP500,pe_ttm,aggregate,34.1125,3509.44,danjuan-public-history,
2020-11-15,sp500,标普500,us,SP500,pe_ttm,aggregate,35.0582,3585.15,danjuan-public-history,
2020-11-22,sp500,标普500,us,SP500,pe_ttm,aggregate,34.6299,3557.54,danjuan-public-history,
2020-11-29,sp500,标普500,us,SP500,pe_ttm,aggregate,35.4361,3638.35,danjuan-public-history,
2020-12-06,sp500,标普500,us,SP500,pe_ttm,aggregate,35.9735,3699.12,danjuan-public-history,
2020-12-13,sp500,标普500,us,SP500,pe_ttm,aggregate,35.4959,3663.46,danjuan-public-history,
2020-12-20,sp500,标普500,us,SP500,pe_ttm,aggregate,36.5243,3709.41,danjuan-public-history,
2020-12-27,sp500,标普500,us,SP500,pe_ttm,aggregate,36.4559,3703.06,danjuan-public-history,
2021-01-03,sp500,标普500,us,SP500,pe_ttm,aggregate,36.9755,3756.07,danjuan-public-history,
2021-01-10,sp500,标普500,us,SP500,pe_ttm,aggregate,37.6817,3824.68,danjuan-public-history,
2021-01-17,sp500,标普500,us,SP500,pe_ttm,aggregate,37.0055,3768.25,danjuan-public-history,
2021-01-24,sp500,标普500,us,SP500,pe_ttm,aggregate,37.4978,3841.47,danjuan-public-history,
2021-01-31,sp500,标普500,us,SP500,pe_ttm,aggregate,36.1861,3714.24,danjuan-public-history,
2021-02-07,sp500,标普500,us,SP500,pe_ttm,aggregate,39.4523,3886.83,danjuan-public-history,
2021-02-17,sp500,标普500,us,SP500,pe_ttm,aggregate,39.8562,3931.33,danjuan-public-history,
2021-02-28,sp500,标普500,us,SP500,pe_ttm,aggregate,38.5672,3811.15,danjuan-public-history,
2021-03-07,sp500,标普500,us,SP500,pe_ttm,aggregate,38.9574,3841.94,danjuan-public-history,
2021-03-14,sp500,标普500,us,SP500,pe_ttm,aggregate,39.8567,3943.34,danjuan-public-history,
2021-03-21,sp500,标普500,us,SP500,pe_ttm,aggregate,39.7461,3913.1,danjuan-public-history,
2021-03-28,sp500,标普500,us,SP500,pe_ttm,aggregate,40.2772,3974.54,danjuan-public-history,
2021-04-11,sp500,标普500,us,SP500,pe_ttm,aggregate,42.0468,4128.8,danjuan-public-history,
2021-04-18,sp500,标普500,us,SP500,pe_ttm,aggregate,40.8597,4185.47,danjuan-public-history,
2021-04-25,sp500,标普500,us,SP500,pe_ttm,aggregate,39.0496,4180.17,danjuan-public-history,
2021-05-05,sp500,标普500,us,SP500,pe_ttm,aggregate,32.8057,4167.59,danjuan-public-history,
2021-05-16,sp500,标普500,us,SP500,pe_ttm,aggregate,32.563,4173.85,danjuan-public-history,
2021-05-23,sp500,标普500,us,SP500,pe_ttm,aggregate,32.1904,4155.86,danjuan-public-history,
2021-05-30,sp500,标普500,us,SP500,pe_ttm,aggregate,32.3597,4204.11,danjuan-public-history,
2021-06-06,sp500,标普500,us,SP500,pe_ttm,aggregate,32.4691,4229.89,danjuan-public-history,
2021-06-20,sp500,标普500,us,SP500,pe_ttm,aggregate,32.025,4166.45,danjuan-public-history,
2021-06-27,sp500,标普500,us,SP500,pe_ttm,aggregate,32.6702,4280.7,danjuan-public-history,
2021-07-04,sp500,标普500,us,SP500,pe_ttm,aggregate,33.073,4352.34,danjuan-public-history,
2021-07-11,sp500,标普500,us,SP500,pe_ttm,aggregate,33.2108,4369.55,danjuan-public-history,
2021-07-18,sp500,标普500,us,SP500,pe_ttm,aggregate,31.9964,4327.16,danjuan-public-history,
2021-07-25,sp500,标普500,us,SP500,pe_ttm,aggregate,31.5909,4411.79,danjuan-public-history,
2021-08-01,sp500,标普500,us,SP500,pe_ttm,aggregate,29.0103,4395.26,danjuan-public-history,
2021-08-08,sp500,标普500,us,SP500,pe_ttm,aggregate,27.7497,4436.52,danjuan-public-history,
2021-08-15,sp500,标普500,us,SP500,pe_ttm,aggregate,27.5845,4468,danjuan-public-history,
2021-08-22,sp500,标普500,us,SP500,pe_ttm,aggregate,27.2998,4441.67,danjuan-public-history,
2021-08-29,sp500,标普500,us,SP500,pe_ttm,aggregate,27.7816,4509.37,danjuan-public-history,
2021-09-05,sp500,标普500,us,SP500,pe_ttm,aggregate,27.8939,4535.43,danjuan-public-history,
2021-09-12,sp500,标普500,us,SP500,pe_ttm,aggregate,27.4294,4458.58,danjuan-public-history,
2021-09-26,sp500,标普500,us,SP500,pe_ttm,aggregate,27.3869,4455.48,danjuan-public-history,
2021-10-07,sp500,标普500,us,SP500,pe_ttm,aggregate,26.9506,4399.76,danjuan-public-history,
2021-10-17,sp500,标普500,us,SP500,pe_ttm,aggregate,27.0561,4471.37,danjuan-public-history,
2021-10-24,sp500,标普500,us,SP500,pe_ttm,aggregate,26.9312,4544.9,danjuan-public-history,
2021-10-31,sp500,标普500,us,SP500,pe_ttm,aggregate,26.2076,4605.38,danjuan-public-history,
2021-11-07,sp500,标普500,us,SP500,pe_ttm,aggregate,26.3359,4697.53,danjuan-public-history,
2021-11-14,sp500,标普500,us,SP500,pe_ttm,aggregate,26.1493,4682.85,danjuan-public-history,
2021-11-21,sp500,标普500,us,SP500,pe_ttm,aggregate,26.1896,4697.96,danjuan-public-history,
2021-11-28,sp500,标普500,us,SP500,pe_ttm,aggregate,25.5131,4594.62,danjuan-public-history,
2021-12-05,sp500,标普500,us,SP500,pe_ttm,aggregate,25.1798,4538.43,danjuan-public-history,
2021-12-12,sp500,标普500,us,SP500,pe_ttm,aggregate,26.1847,4712.02,danjuan-public-history,
2021-12-19,sp500,标普500,us,SP500,pe_ttm,aggregate,25.6662,4620.64,danjuan-public-history,
2021-12-26,sp500,标普500,us,SP500,pe_ttm,aggregate,26.2465,4725.79,danjuan-public-history,
2022-01-09,sp500,标普500,us,SP500,pe_ttm,aggregate,25.867,4677.03,danjuan-public-history,
2022-01-16,sp500,标普500,us,SP500,pe_ttm,aggregate,25.7868,4662.85,danjuan-public-history,
2022-01-23,sp500,标普500,us,SP500,pe_ttm,aggregate,24.1508,4397.94,danjuan-public-history,
2022-02-06,sp500,标普500,us,SP500,pe_ttm,aggregate,23.0673,4500.53,danjuan-public-history,
2022-02-13,sp500,标普500,us,SP500,pe_ttm,aggregate,22.4647,4418.64,danjuan-public-history,
2022-02-20,sp500,标普500,us,SP500,pe_ttm,aggregate,21.8441,4348.87,danjuan-public-history,
2022-02-27,sp500,标普500,us,SP500,pe_ttm,aggregate,21.5508,4384.65,danjuan-public-history,
2022-03-06,sp500,标普500,us,SP500,pe_ttm,aggregate,21.239,4328.87,danjuan-public-history,
2022-03-13,sp500,标普500,us,SP500,pe_ttm,aggregate,20.6672,4204.31,danjuan-public-history,
2022-03-20,sp500,标普500,us,SP500,pe_ttm,aggregate,21.9351,4463.12,danjuan-public-history,
2022-03-27,sp500,标普500,us,SP500,pe_ttm,aggregate,22.3385,4543.06,danjuan-public-history,
2022-04-01,sp500,标普500,us,SP500,pe_ttm,aggregate,22.3319,4545.86,danjuan-public-history,
2022-04-06,sp500,标普500,us,SP500,pe_ttm,aggregate,22.0106,4481.15,danjuan-public-history,
2022-04-17,sp500,标普500,us,SP500,pe_ttm,aggregate,21.6856,4392.59,danjuan-public-history,
2022-04-24,sp500,标普500,us,SP500,pe_ttm,aggregate,21.1262,4271.78,danjuan-public-history,
2022-05-04,sp500,标普500,us,SP500,pe_ttm,aggregate,21.1659,4300.17,danjuan-public-history,
2022-05-15,sp500,标普500,us,SP500,pe_ttm,aggregate,19.6657,4023.89,danjuan-public-history,
2022-05-22,sp500,标普500,us,SP500,pe_ttm,aggregate,19.0203,3901.36,danjuan-public-history,
2022-05-29,sp500,标普500,us,SP500,pe_ttm,aggregate,20.2103,4158.24,danjuan-public-history,
2022-06-05,sp500,标普500,us,SP500,pe_ttm,aggregate,20.0043,4108.54,danjuan-public-history,
2022-06-12,sp500,标普500,us,SP500,pe_ttm,aggregate,19.0571,3900.86,danjuan-public-history,
2022-06-19,sp500,标普500,us,SP500,pe_ttm,aggregate,17.9492,3674.84,danjuan-public-history,
2022-06-26,sp500,标普500,us,SP500,pe_ttm,aggregate,19.1461,3911.74,danjuan-public-history,
2022-07-03,sp500,标普500,us,SP500,pe_ttm,aggregate,18.652,3825.33,danjuan-public-history,
2022-07-10,sp500,标普500,us,SP500,pe_ttm,aggregate,19.0867,3899.38,danjuan-public-history,
2022-07-17,sp500,标普500,us,SP500,pe_ttm,aggregate,18.9723,3863.16,danjuan-public-history,
2022-07-24,sp500,标普500,us,SP500,pe_ttm,aggregate,19.4489,3961.63,danjuan-public-history,
2022-07-31,sp500,标普500,us,SP500,pe_ttm,aggregate,20.1995,4130.29,danjuan-public-history,
2022-08-07,sp500,标普500,us,SP500,pe_ttm,aggregate,20.3679,4145.19,danjuan-public-history,
2022-08-14,sp500,标普500,us,SP500,pe_ttm,aggregate,21.8922,4280.15,danjuan-public-history,
2022-08-21,sp500,标普500,us,SP500,pe_ttm,aggregate,21.6246,4228.48,danjuan-public-history,
2022-08-28,sp500,标普500,us,SP500,pe_ttm,aggregate,20.7935,4057.66,danjuan-public-history,
2022-09-04,sp500,标普500,us,SP500,pe_ttm,aggregate,20.0893,3924.26,danjuan-public-history,
2022-09-18,sp500,标普500,us,SP500,pe_ttm,aggregate,19.815,3873.33,danjuan-public-history,
2022-09-25,sp500,标普500,us,SP500,pe_ttm,aggregate,18.8905,3693.23,danjuan-public-history,
2022-10-09,sp500,标普500,us,SP500,pe_ttm,aggregate,18.6874,3639.66,danjuan-public-history,
2022-10-16,sp500,标普500,us,SP500,pe_ttm,aggregate,18.4513,3583.07,danjuan-public-history,
2022-10-23,sp500,标普500,us,SP500,pe_ttm,aggregate,19.4003,3752.75,danjuan-public-history,
2022-10-30,sp500,标普500,us,SP500,pe_ttm,aggregate,20.2572,3901.06,danjuan-public-history,
2022-11-06,sp500,标普500,us,SP500,pe_ttm,aggregate,19.4481,3770.55,danjuan-public-history,
2022-11-13,sp500,标普500,us,SP500,pe_ttm,aggregate,20.8124,3992.93,danjuan-public-history,
2022-11-20,sp500,标普500,us,SP500,pe_ttm,aggregate,20.8214,3965.34,danjuan-public-history,
2022-11-27,sp500,标普500,us,SP500,pe_ttm,aggregate,21.1447,4026.12,danjuan-public-history,
2022-12-04,sp500,标普500,us,SP500,pe_ttm,aggregate,21.441,4071.7,danjuan-public-history,
2022-12-11,sp500,标普500,us,SP500,pe_ttm,aggregate,20.9394,3934.38,danjuan-public-history,
2022-12-18,sp500,标普500,us,SP500,pe_ttm,aggregate,20.0071,3852.36,danjuan-public-history,
2022-12-25,sp500,标普500,us,SP500,pe_ttm,aggregate,20.1212,3844.82,danjuan-public-history,
2023-01-08,sp500,标普500,us,SP500,pe_ttm,aggregate,20.4263,3895.08,danjuan-public-history,
2023-01-15,sp500,标普500,us,SP500,pe_ttm,aggregate,21.0088,3999.09,danjuan-public-history,
2023-01-29,sp500,标普500,us,SP500,pe_ttm,aggregate,21.7825,4070.56,danjuan-public-history,
2023-02-05,sp500,标普500,us,SP500,pe_ttm,aggregate,22.7324,4136.48,danjuan-public-history,
2023-02-12,sp500,标普500,us,SP500,pe_ttm,aggregate,22.5431,4090.46,danjuan-public-history,
2023-02-19,sp500,标普500,us,SP500,pe_ttm,aggregate,22.7769,4079.09,danjuan-public-history,
2023-02-26,sp500,标普500,us,SP500,pe_ttm,aggregate,22.2593,3970.04,danjuan-public-history,
2023-03-05,sp500,标普500,us,SP500,pe_ttm,aggregate,22.9762,4045.64,danjuan-public-history,
2023-03-12,sp500,标普500,us,SP500,pe_ttm,aggregate,21.9613,3861.59,danjuan-public-history,
2023-03-19,sp500,标普500,us,SP500,pe_ttm,aggregate,22.3928,3916.64,danjuan-public-history,
2023-03-26,sp500,标普500,us,SP500,pe_ttm,aggregate,22.7291,3970.99,danjuan-public-history,
2023-04-02,sp500,标普500,us,SP500,pe_ttm,aggregate,23.5235,4109.31,danjuan-public-history,
2023-04-09,sp500,标普500,us,SP500,pe_ttm,aggregate,23.5389,4105.02,danjuan-public-history,
2023-04-16,sp500,标普500,us,SP500,pe_ttm,aggregate,23.6182,4137.64,danjuan-public-history,
2023-04-23,sp500,标普500,us,SP500,pe_ttm,aggregate,23.7466,4133.52,danjuan-public-history,
2023-05-03,sp500,标普500,us,SP500,pe_ttm,aggregate,23.283,4090.75,danjuan-public-history,
2023-05-14,sp500,标普500,us,SP500,pe_ttm,aggregate,23.3957,4124.08,danjuan-public-history,
2023-05-21,sp500,标普500,us,SP500,pe_ttm,aggregate,23.8261,4191.98,danjuan-public-history,
2023-05-28,sp500,标普500,us,SP500,pe_ttm,aggregate,23.8908,4205.45,danjuan-public-history,
2023-06-04,sp500,标普500,us,SP500,pe_ttm,aggregate,24.2933,4282.37,danjuan-public-history,
2023-06-11,sp500,标普500,us,SP500,pe_ttm,aggregate,24.3703,4298.86,danjuan-public-history,
2023-06-18,sp500,标普500,us,SP500,pe_ttm,aggregate,25.0394,4409.59,danjuan-public-history,
2023-06-25,sp500,标普500,us,SP500,pe_ttm,aggregate,24.7183,4348.33,danjuan-public-history,
2023-07-02,sp500,标普500,us,SP500,pe_ttm,aggregate,25.3333,4450.38,danjuan-public-history,
2023-07-09,sp500,标普500,us,SP500,pe_ttm,aggregate,25.0481,4398.95,danjuan-public-history,
2023-07-16,sp500,标普500,us,SP500,pe_ttm,aggregate,25.5177,4505.42,danjuan-public-history,
2023-07-23,sp500,标普500,us,SP500,pe_ttm,aggregate,25.5778,4536.34,danjuan-public-history,
2023-07-30,sp500,标普500,us,SP500,pe_ttm,aggregate,25.9175,4582.23,danjuan-public-history,
2023-08-06,sp500,标普500,us,SP500,pe_ttm,aggregate,25.566,4478.03,danjuan-public-history,
2023-08-13,sp500,标普500,us,SP500,pe_ttm,aggregate,24.3965,4464.05,danjuan-public-history,
2023-08-20,sp500,标普500,us,SP500,pe_ttm,aggregate,23.8063,4369.71,danjuan-public-history,
2023-08-27,sp500,标普500,us,SP500,pe_ttm,aggregate,23.9437,4405.71,danjuan-public-history,
2023-09-03,sp500,标普500,us,SP500,pe_ttm,aggregate,24.5516,4515.77,danjuan-public-history,
2023-09-10,sp500,标普500,us,SP500,pe_ttm,aggregate,24.2745,4457.49,danjuan-public-history,
2023-09-17,sp500,标普500,us,SP500,pe_ttm,aggregate,24.1908,4450.32,danjuan-public-history,
2023-09-24,sp500,标普500,us,SP500,pe_ttm,aggregate,23.4514,4320.06,danjuan-public-history,
2023-10-08,sp500,标普500,us,SP500,pe_ttm,aggregate,23.4318,4308.5,danjuan-public-history,
2023-10-15,sp500,标普500,us,SP500,pe_ttm,aggregate,23.4604,4327.78,danjuan-public-history,
2023-10-22,sp500,标普500,us,SP500,pe_ttm,aggregate,22.6474,4224.16,danjuan-public-history,
2023-10-29,sp500,标普500,us,SP500,pe_ttm,aggregate,21.641,4117.37,danjuan-public-history,
2023-11-05,sp500,标普500,us,SP500,pe_ttm,aggregate,23.1706,4358.34,danjuan-public-history,
2023-11-12,sp500,标普500,us,SP500,pe_ttm,aggregate,23.3946,4415.24,danjuan-public-history,
2023-11-19,sp500,标普500,us,SP500,pe_ttm,aggregate,23.8749,4514.02,danjuan-public-history,
2023-11-26,sp500,标普500,us,SP500,pe_ttm,aggregate,23.9593,4559.34,danjuan-public-history,
2023-12-03,sp500,标普500,us,SP500,pe_ttm,aggregate,24.0724,4594.63,danjuan-public-history,
2023-12-10,sp500,标普500,us,SP500,pe_ttm,aggregate,24.1465,4604.37,danjuan-public-history,
2023-12-17,sp500,标普500,us,SP500,pe_ttm,aggregate,24.7505,4719.19,danjuan-public-history,
2023-12-24,sp500,标普500,us,SP500,pe_ttm,aggregate,24.986,4754.63,danjuan-public-history,
2024-01-07,sp500,标普500,us,SP500,pe_ttm,aggregate,24.7367,4697.24,danjuan-public-history,
2024-01-14,sp500,标普500,us,SP500,pe_ttm,aggregate,24.9409,4783.83,danjuan-public-history,
2024-01-21,sp500,标普500,us,SP500,pe_ttm,aggregate,25.4242,4839.81,danjuan-public-history,
2024-01-28,sp500,标普500,us,SP500,pe_ttm,aggregate,25.4002,4890.97,danjuan-public-history,
2024-02-04,sp500,标普500,us,SP500,pe_ttm,aggregate,25.3161,4958.61,danjuan-public-history,
2024-02-18,sp500,标普500,us,SP500,pe_ttm,aggregate,25.5561,5005.57,danjuan-public-history,
2024-02-25,sp500,标普500,us,SP500,pe_ttm,aggregate,26.445,5088.8,danjuan-public-history,
2024-03-03,sp500,标普500,us,SP500,pe_ttm,aggregate,25.4979,5137.08,danjuan-public-history,
2024-03-10,sp500,标普500,us,SP500,pe_ttm,aggregate,25.4294,5123.69,danjuan-public-history,
2024-03-17,sp500,标普500,us,SP500,pe_ttm,aggregate,25.4436,5117.09,danjuan-public-history,
2024-03-24,sp500,标普500,us,SP500,pe_ttm,aggregate,26.017,5234.18,danjuan-public-history,
2024-03-31,sp500,标普500,us,SP500,pe_ttm,aggregate,26.1937,5254.35,danjuan-public-history,
2024-04-07,sp500,标普500,us,SP500,pe_ttm,aggregate,25.9446,5204.34,danjuan-public-history,
2024-04-14,sp500,标普500,us,SP500,pe_ttm,aggregate,25.5958,5123.41,danjuan-public-history,
2024-04-21,sp500,标普500,us,SP500,pe_ttm,aggregate,24.8185,4967.23,danjuan-public-history,
2024-04-28,sp500,标普500,us,SP500,pe_ttm,aggregate,25.4508,5099.96,danjuan-public-history,
2024-05-05,sp500,标普500,us,SP500,pe_ttm,aggregate,25.5153,5127.79,danjuan-public-history,
2024-05-12,sp500,标普500,us,SP500,pe_ttm,aggregate,26.2353,5222.68,danjuan-public-history,
2024-05-19,sp500,标普500,us,SP500,pe_ttm,aggregate,26.6474,5303.27,danjuan-public-history,
2024-05-26,sp500,标普500,us,SP500,pe_ttm,aggregate,26.5453,5304.72,danjuan-public-history,
2024-06-02,sp500,标普500,us,SP500,pe_ttm,aggregate,26.3748,5277.51,danjuan-public-history,
2024-06-16,sp500,标普500,us,SP500,pe_ttm,aggregate,27.1582,5431.6,danjuan-public-history,
2024-06-23,sp500,标普500,us,SP500,pe_ttm,aggregate,27.3394,5464.62,danjuan-public-history,
2024-06-30,sp500,标普500,us,SP500,pe_ttm,aggregate,27.2999,5460.48,danjuan-public-history,
2024-07-07,sp500,标普500,us,SP500,pe_ttm,aggregate,27.8786,5567.19,danjuan-public-history,
2024-07-14,sp500,标普500,us,SP500,pe_ttm,aggregate,28.0389,5615.35,danjuan-public-history,
2024-07-21,sp500,标普500,us,SP500,pe_ttm,aggregate,27.3748,5505,danjuan-public-history,
2024-07-28,sp500,标普500,us,SP500,pe_ttm,aggregate,26.765,5459.1,danjuan-public-history,
2024-08-04,sp500,标普500,us,SP500,pe_ttm,aggregate,26.091,5346.56,danjuan-public-history,
2024-08-11,sp500,标普500,us,SP500,pe_ttm,aggregate,26.0309,5344.16,danjuan-public-history,
2024-08-18,sp500,标普500,us,SP500,pe_ttm,aggregate,27.0919,5554.25,danjuan-public-history,
2024-08-25,sp500,标普500,us,SP500,pe_ttm,aggregate,27.4841,5634.61,danjuan-public-history,
2024-09-01,sp500,标普500,us,SP500,pe_ttm,aggregate,27.3741,5648.4,danjuan-public-history,
2024-09-08,sp500,标普500,us,SP500,pe_ttm,aggregate,26.2572,5408.42,danjuan-public-history,
2024-09-22,sp500,标普500,us,SP500,pe_ttm,aggregate,27.9228,5702.55,danjuan-public-history,
2024-09-29,sp500,标普500,us,SP500,pe_ttm,aggregate,28.0601,5738.17,danjuan-public-history,
2024-10-13,sp500,标普500,us,SP500,pe_ttm,aggregate,28.4338,5815.03,danjuan-public-history,
2024-10-20,sp500,标普500,us,SP500,pe_ttm,aggregate,28.9892,5864.67,danjuan-public-history,
2024-10-27,sp500,标普500,us,SP500,pe_ttm,aggregate,28.6837,5808.12,danjuan-public-history,
2024-11-03,sp500,标普500,us,SP500,pe_ttm,aggregate,27.7144,5728.8,danjuan-public-history,
2024-11-10,sp500,标普500,us,SP500,pe_ttm,aggregate,29.1654,5995.54,danjuan-public-history,
2024-11-17,sp500,标普500,us,SP500,pe_ttm,aggregate,28.5589,5870.6,danjuan-public-history,
2024-11-24,sp500,标普500,us,SP500,pe_ttm,aggregate,28.7837,5969.34,danjuan-public-history,
2024-12-01,sp500,标普500,us,SP500,pe_ttm,aggregate,29.1358,6032.38,danjuan-public-history,
2024-12-06,sp500,标普500,us,SP500,pe_ttm,aggregate,29.4336,6090.27,danjuan-public-history,
2024-12-11,sp500,标普500,us,SP500,pe_ttm,aggregate,29.5104,6084.19,danjuan-public-history,
2024-12-22,sp500,标普500,us,SP500,pe_ttm,aggregate,28.6734,5930.85,danjuan-public-history,
2024-12-29,sp500,标普500,us,SP500,pe_ttm,aggregate,28.861,5970.84,danjuan-public-history,
2025-01-05,sp500,标普500,us,SP500,pe_ttm,aggregate,28.7198,5942.47,danjuan-public-history,
2025-01-12,sp500,标普500,us,SP500,pe_ttm,aggregate,28.2104,5827.04,danjuan-public-history,
2025-01-19,sp500,标普500,us,SP500,pe_ttm,aggregate,28.5448,5996.66,danjuan-public-history,
2025-01-26,sp500,标普500,us,SP500,pe_ttm,aggregate,28.7795,6101.24,danjuan-public-history,
2025-02-09,sp500,标普500,us,SP500,pe_ttm,aggregate,27.917,6025.99,danjuan-public-history,
2025-02-16,sp500,标普500,us,SP500,pe_ttm,aggregate,28.2988,6114.63,danjuan-public-history,
2025-02-23,sp500,标普500,us,SP500,pe_ttm,aggregate,27.8086,6013.13,danjuan-public-history,
2025-03-02,sp500,标普500,us,SP500,pe_ttm,aggregate,27.3789,5954.5,danjuan-public-history,
2025-03-09,sp500,标普500,us,SP500,pe_ttm,aggregate,26.5207,5770.2,danjuan-public-history,
2025-03-16,sp500,标普500,us,SP500,pe_ttm,aggregate,25.9511,5638.94,danjuan-public-history,
2025-03-23,sp500,标普500,us,SP500,pe_ttm,aggregate,26.1227,5667.56,danjuan-public-history,
2025-03-30,sp500,标普500,us,SP500,pe_ttm,aggregate,25.7041,5580.94,danjuan-public-history,
2025-04-06,sp500,标普500,us,SP500,pe_ttm,aggregate,23.4155,5074.08,danjuan-public-history,
2025-04-13,sp500,标普500,us,SP500,pe_ttm,aggregate,24.7146,5363.36,danjuan-public-history,
2025-04-20,sp500,标普500,us,SP500,pe_ttm,aggregate,24.092,5282.7,danjuan-public-history,
2025-04-27,sp500,标普500,us,SP500,pe_ttm,aggregate,24.7328,5525.21,danjuan-public-history,
2025-05-11,sp500,标普500,us,SP500,pe_ttm,aggregate,25.2859,5659.91,danjuan-public-history,
2025-05-18,sp500,标普500,us,SP500,pe_ttm,aggregate,26.7247,5958.38,danjuan-public-history,
2025-05-25,sp500,标普500,us,SP500,pe_ttm,aggregate,26.059,5802.82,danjuan-public-history,
2025-06-08,sp500,标普500,us,SP500,pe_ttm,aggregate,26.9065,6000.36,danjuan-public-history,
2025-06-15,sp500,标普500,us,SP500,pe_ttm,aggregate,27.0436,5976.97,danjuan-public-history,
2025-06-22,sp500,标普500,us,SP500,pe_ttm,aggregate,26.9355,5967.84,danjuan-public-history,
2025-06-29,sp500,标普500,us,SP500,pe_ttm,aggregate,27.767,6173.07,danjuan-public-history,
2025-07-06,sp500,标普500,us,SP500,pe_ttm,aggregate,27.8871,6279.35,danjuan-public-history,
2025-07-13,sp500,标普500,us,SP500,pe_ttm,aggregate,28.0754,6259.75,danjuan-public-history,
2025-07-20,sp500,标普500,us,SP500,pe_ttm,aggregate,28.2295,6296.79,danjuan-public-history,
2025-07-27,sp500,标普500,us,SP500,pe_ttm,aggregate,28.5257,6388.64,danjuan-public-history,
2025-08-03,sp500,标普500,us,SP500,pe_ttm,aggregate,28.1906,6238.01,danjuan-public-history,
2025-08-10,sp500,标普500,us,SP500,pe_ttm,aggregate,28.2082,6389.45,danjuan-public-history,
2025-08-17,sp500,标普500,us,SP500,pe_ttm,aggregate,28.555,6449.8,danjuan-public-history,
2025-08-24,sp500,标普500,us,SP500,pe_ttm,aggregate,28.4958,6466.91,danjuan-public-history,
2025-08-31,sp500,标普500,us,SP500,pe_ttm,aggregate,28.3808,6460.26,danjuan-public-history,
2025-09-07,sp500,标普500,us,SP500,pe_ttm,aggregate,28.586,6481.5,danjuan-public-history,
2025-09-14,sp500,标普500,us,SP500,pe_ttm,aggregate,29.2707,6584.29,danjuan-public-history,
2025-09-21,sp500,标普500,us,SP500,pe_ttm,aggregate,29.7189,6664.36,danjuan-public-history,
2025-09-28,sp500,标普500,us,SP500,pe_ttm,aggregate,29.4934,6643.7,danjuan-public-history,
2025-10-08,sp500,标普500,us,SP500,pe_ttm,aggregate,29.7581,6753.72,danjuan-public-history,
2025-10-19,sp500,标普500,us,SP500,pe_ttm,aggregate,29.6441,6664.01,danjuan-public-history,
2025-10-26,sp500,标普500,us,SP500,pe_ttm,aggregate,29.7445,6791.69,danjuan-public-history,
2025-11-02,sp500,标普500,us,SP500,pe_ttm,aggregate,29.2561,6840.2,danjuan-public-history,
2025-11-09,sp500,标普500,us,SP500,pe_ttm,aggregate,29.154,6728.8,danjuan-public-history,
2025-11-16,sp500,标普500,us,SP500,pe_ttm,aggregate,28.4491,6734.11,danjuan-public-history,
2025-11-23,sp500,标普500,us,SP500,pe_ttm,aggregate,28.6161,6602.99,danjuan-public-history,
2025-11-30,sp500,标普500,us,SP500,pe_ttm,aggregate,29.0661,6849.09,danjuan-public-history,
2025-12-07,sp500,标普500,us,SP500,pe_ttm,aggregate,29.2261,6870.4,danjuan-public-history,
2025-12-14,sp500,标普500,us,SP500,pe_ttm,aggregate,29.0113,6827.41,danjuan-public-history,
2025-12-21,sp500,标普500,us,SP500,pe_ttm,aggregate,29.3113,6834.5,danjuan-public-history,
2025-12-28,sp500,标普500,us,SP500,pe_ttm,aggregate,29.4271,6929.94,danjuan-public-history,
2026-01-04,sp500,标普500,us,SP500,pe_ttm,aggregate,29.4278,6858.47,danjuan-public-history,
2026-01-11,sp500,标普500,us,SP500,pe_ttm,aggregate,29.8163,6966.28,danjuan-public-history,
2026-01-18,sp500,标普500,us,SP500,pe_ttm,aggregate,29.6083,6940.01,danjuan-public-history,
2026-01-25,sp500,标普500,us,SP500,pe_ttm,aggregate,29.693,6915.61,danjuan-public-history,
2026-02-01,sp500,标普500,us,SP500,pe_ttm,aggregate,29.4229,6939.03,danjuan-public-history,
2026-02-08,sp500,标普500,us,SP500,pe_ttm,aggregate,28.8564,6932.3,danjuan-public-history,
2026-03-01,sp500,标普500,us,SP500,pe_ttm,aggregate,28.5806,6878.88,danjuan-public-history,
2026-03-08,sp500,标普500,us,SP500,pe_ttm,aggregate,28.2206,6740.02,danjuan-public-history,
2026-03-15,sp500,标普500,us,SP500,pe_ttm,aggregate,27.7833,6632.19,danjuan-public-history,
2026-03-22,sp500,标普500,us,SP500,pe_ttm,aggregate,27.4009,6506.48,danjuan-public-history,
2026-03-29,sp500,标普500,us,SP500,pe_ttm,aggregate,26.3191,6368.85,danjuan-public-history,
2026-04-12,sp500,标普500,us,SP500,pe_ttm,aggregate,28.649,6816.89,danjuan-public-history,
2026-04-19,sp500,标普500,us,SP500,pe_ttm,aggregate,29.5203,7126.06,danjuan-public-history,
2026-04-26,sp500,标普500,us,SP500,pe_ttm,aggregate,29.621,7165.08,danjuan-public-history,
2026-05-10,sp500,标普500,us,SP500,pe_ttm,aggregate,29.1468,7398.93,danjuan-public-history,
2026-05-17,sp500,标普500,us,SP500,pe_ttm,aggregate,29.123,7408.5,danjuan-public-history,
2026-05-24,sp500,标普500,us,SP500,pe_ttm,aggregate,28.7612,7473.47,danjuan-public-history,
2026-05-31,sp500,标普500,us,SP500,pe_ttm,aggregate,29.1466,7580.06,danjuan-public-history,
2026-06-07,sp500,标普500,us,SP500,pe_ttm,aggregate,28.3318,7383.74,danjuan-public-history,
2026-06-14,sp500,标普500,us,SP500,pe_ttm,aggregate,28.8563,7431.46,danjuan-public-history,
2026-06-21,sp500,标普500,us,SP500,pe_ttm,aggregate,28.5407,7500.58,danjuan-public-history,
2026-06-28,sp500,标普500,us,SP500,pe_ttm,aggregate,28.1207,7354.02,danjuan-public-history,
2026-07-05,sp500,标普500,us,SP500,pe_ttm,aggregate,28.5551,7483.24,danjuan-public-history,
2026-07-12,sp500,标普500,us,SP500,pe_ttm,aggregate,28.3877,7575.39,danjuan-public-history,
2026-07-19,sp500,标普500,us,SP500,pe_ttm,aggregate,27.8638,7457.69,danjuan-public-history,
2026-07-26,sp500,标普500,us,SP500,pe_ttm,aggregate,25.9175,7411.98,danjuan-public-history,
2026-08-02,sp500,标普500,us,SP500,pe_ttm,aggregate,25.8134,7489.72,danjuan-public-history,
2026-08-09,sp500,标普500,us,SP500,pe_ttm,aggregate,25.9305,7757.64,danjuan-public-history,
2026-08-16,sp500,标普500,us,SP500,pe_ttm,aggregate,25.8652,7785.76,danjuan-public-history,
2026-08-23,sp500,标普500,us,SP500,pe_ttm,aggregate,25.5765,7674.37,danjuan-public-history,
2026-08-30,sp500,标普500,us,SP500,pe_ttm,aggregate,25.3034,7711.76,danjuan-public-history,
2026-09-06,sp500,标普500,us,SP500,pe_ttm,aggregate,25.3304,7718.6,danjuan-public-history,
2026-09-13,sp500,标普500,us,SP500,pe_ttm,aggregate,25.0784,7656.98,danjuan-public-history,
2026-09-20,sp500,标普500,us,SP500,pe_ttm,aggregate,25.5713,7650.5,danjuan-public-history,
2026-09-27,sp500,标普500,us,SP500,pe_ttm,aggregate,25.244,7743.41,danjuan-public,0.5748
2026-09-28,value100,价值100,cn,980081,pe_ttm,index_weight_harmonic,9.02487727143,,reconstructed:cni+eastmoney:index_weight_harmonic,
